date,value
2013-01-29,1000000.0
2013-01-30,1006903.1403000001
2013-01-31,1008479.6114
2013-02-01,1009457.3987
2013-02-04,1014252.2893000001
2013-02-05,1007285.2836000001
2013-02-06,1019512.3987
2013-02-07,1018774.9365000001
2013-02-08,1012494.9340000001
2013-02-12,1017681.1941000001
2013-02-13,1013221.2882000001
2013-02-14,1014769.676
2013-02-15,1009653.6134000001
2013-02-18,1017926.8090000001
2013-02-19,1017855.3298000001
2013-02-20,1021020.1581000001
2013-02-21,1016292.0651
2013-02-22,1018233.8695
2013-02-25,1026820.214
2013-02-26,1019661.785
2013-02-27,1015782.4088000001
2013-02-28,1024629.4215
2013-03-01,1026760.5452000002
2013-03-04,1028551.2608
2013-03-05,1028443.2026000001
2013-03-06,1035510.0412000001
2013-03-07,1035890.9148
2013-03-08,1045150.8229
2013-03-11,1049134.4099
2013-03-12,1046765.7684000002
2013-03-13,1044989.822
2013-03-14,1048504.1503000001
2013-03-15,1054150.8829
2013-03-18,1043783.8959000001
2013-03-19,1051902.9008000002
2013-03-21,1056183.4242
2013-03-22,1047622.8001000001
2013-03-25,1052746.5569000002
2013-03-26,1050090.8469000002
2013-03-27,1051772.9612000003
2013-03-28,1045936.9198000003
2013-03-29,1047728.2447000003
2013-04-01,1037317.9831000003
2013-04-02,1033344.2567000003
2013-04-03,1042575.4131000002
2013-04-04,1050685.8600000003
2013-04-05,1057602.1699000003
2013-04-08,1070219.1545000002
2013-04-09,1071053.5259000002
2013-04-10,1076693.8631000002
2013-04-11,1084844.8391000002
2013-04-12,1083920.5717000002
2013-04-15,1077631.4487
2013-04-16,1074289.2054
2013-04-17,1079449.8688
2013-04-18,1074221.1192
2013-04-19,1077177.9433
2013-04-22,1084914.074
2013-04-23,1084305.3693
2013-04-24,1092767.8103999998
2013-04-25,1095291.0821999998
2013-04-26,1092701.0030999999
2013-04-30,1092178.8424
2013-05-01,1090829.7552
2013-05-02,1087824.1885
2013-05-07,1103026.1126
2013-05-08,1106473.2096000002
2013-05-09,1102033.6582000002
2013-05-10,1113575.5189000003
2013-05-13,1120145.0553000001
2013-05-14,1119552.9793000002
2013-05-15,1126982.9403000004
2013-05-16,1124631.0509000004
2013-05-17,1130237.5479000004
2013-05-20,1139563.4588000006
2013-05-21,1144122.8858000005
2013-05-22,1150916.3941000006
2013-05-23,1113928.4520000005
2013-05-24,1117843.9094000007
2013-05-27,1101528.5313000006
2013-05-28,1106464.3902000007
2013-05-29,1107478.8659000006
2013-05-30,1085211.7525000004
2013-05-31,1088138.6707000006
2013-06-03,1071129.6043000007
2013-06-04,1080574.1137000006
2013-06-05,1063991.8869000005
2013-06-06,1058724.0623000003
2013-06-07,1056683.5887000002
2013-06-10,1075938.1001000004
2013-06-11,1069207.3668000004
2013-06-12,1069293.9581000004
2013-06-13,1045455.4544000004
2013-06-14,1051918.7703000004
2013-06-17,1063412.4608000005
2013-06-18,1062688.9919000005
2013-06-19,1069935.4448000006
2013-06-20,1063739.8034000006
2013-06-21,1067871.6452000006
2013-06-24,1063343.7788000004
2013-06-25,1060211.3187000004
2013-06-26,1055720.1709000005
2013-06-27,1066276.0212000003
2013-06-28,1080690.7487000003
2013-07-01,1087806.6228000005
2013-07-02,1095868.4281000004
2013-07-03,1095079.3467000003
2013-07-04,1094481.1336000005
2013-07-05,1103599.3509000004
2013-07-08,1097968.9396000004
2013-07-09,1108589.4800000004
2013-07-10,1106404.9585000004
2013-07-11,1108138.5052000005
2013-07-12,1110782.0365000006
2013-07-16,1113844.6595000005
2013-07-17,1115083.3561000004
2013-07-18,1119708.1332000005
2013-07-19,1112467.2257000003
2013-07-22,1114040.1668000002
2013-07-23,1116418.4981000002
2013-07-24,1114142.6527000002
2013-07-25,1108983.7171000002
2013-07-26,1095582.1927000002
2013-07-29,1080774.2514000002
2013-07-30,1089067.8722
2013-07-31,1081684.5394000001
2013-08-01,1090833.5166000002
2013-08-02,1105090.9759000002
2013-08-05,1099403.6432000003
2013-08-06,1104327.7888000002
2013-08-07,1086966.6587000003
2013-08-08,1080497.0468000001
2013-08-09,1081749.9000000001
2013-08-12,1079438.2280000001
2013-08-13,1089641.6217
2013-08-14,1095388.5178999999
2013-08-15,1087684.3562999999
2013-08-16,1084115.8865
2013-08-19,1087290.8395
2013-08-20,1076541.2026
2013-08-21,1076289.9138
2013-08-22,1074151.9848
2013-08-23,1082993.9387
2013-08-26,1082337.0154
2013-08-27,1079392.9846
2013-08-28,1072829.6837
2013-08-29,1076253.1993
2013-08-30,1073441.8861
2013-09-02,1079057.2071
2013-09-03,1091537.8547999999
2013-09-04,1094381.1719999998
2013-09-05,1095105.2062
2013-09-06,1088994.7396
2013-09-09,1101112.5969
2013-09-10,1109055.5071999999
2013-09-11,1107645.8469999998
2013-09-12,1106704.1769999997
2013-09-13,1106754.6474999997
2013-09-17,1105965.1718999997
2013-09-18,1111313.5909999998
2013-09-19,1120762.4710999997
2013-09-20,1120509.2631999997
2013-09-24,1119510.2978999997
2013-09-25,1115583.0006999997
2013-09-26,1123578.5626999997
2013-09-27,1122313.0031999997
2013-09-30,1112964.1495999997
2013-10-01,1112336.8404999997
2013-10-02,1100551.3153999997
2013-10-03,1099244.7570999996
2013-10-04,1095281.1739999996
2013-10-07,1088303.5095999995
2013-10-08,1090253.1863999995
2013-10-09,1097475.2031999996
2013-10-10,1101437.8258999996
2013-10-11,1108886.5132999998
2013-10-15,1109347.1840999997
2013-10-16,1109520.3425999996
2013-10-17,1113773.6201999998
2013-10-18,1114138.5320999997
2013-10-21,1117507.8607999997
2013-10-22,1117678.1778999998
2013-10-23,1108675.6919999998
2013-10-24,1110698.2243
2013-10-25,1099407.6330999997
2013-10-28,1108645.7369
2013-10-29,1106822.5102999997
2013-10-30,1111332.1091999998
2013-10-31,1104898.6896
2013-11-01,1099943.5269
2013-11-05,1099719.1789
2013-11-06,1104046.8868
2013-11-07,1100187.3429999999
2013-11-08,1095991.0055
2013-11-11,1100230.4227
2013-11-12,1109401.5557
2013-11-13,1109413.7555
2013-11-14,1117707.3325
2013-11-15,1126888.1368
2013-11-18,1126982.988
2013-11-19,1125250.7626999998
2013-11-20,1123547.8978
2013-11-21,1130441.0502
2013-11-22,1130656.646
2013-11-25,1136015.9471999998
2013-11-26,1133471.7428
2013-11-27,1132037.0001999997
2013-11-28,1139778.9769999997
2013-11-29,1138644.0476999995
2013-12-02,1139235.8676999996
2013-12-03,1141036.3589999997
2013-12-04,1131182.1360999998
2013-12-05,1123404.9507999998
2013-12-06,1127188.0103999998
2013-12-09,1137096.0095
2013-12-10,1136198.4096
2013-12-11,1132850.4726
2013-12-12,1128292.7028
2013-12-13,1129621.5665000002
2013-12-16,1122465.8038
2013-12-17,1126862.8566
2013-12-18,1135728.2923
2013-12-19,1142876.1495
2013-12-20,1143758.3126
2013-12-24,1143717.6865
2013-12-25,1146388.6969
2013-12-26,1152887.0332
2013-12-27,1154211.3648
2013-12-30,1158223.2968000001
2014-01-06,1149202.6271000002
2014-01-07,1145654.0033
2014-01-08,1155670.6727
2014-01-09,1149708.0861
2014-01-10,1150884.6612999998
2014-01-14,1136544.9176999996
2014-01-15,1149505.1732999997
2014-01-16,1148212.8574999997
2014-01-17,1148665.9839999997
2014-01-20,1146587.3646999998
2014-01-21,1149364.8986
2014-01-22,1150380.7358
2014-01-23,1146191.6911999998
2014-01-24,1136950.1914
2014-01-27,1123452.0979
2014-01-28,1122908.5924
2014-01-29,1136650.0370999998
2014-01-30,1124608.9781999998
2014-01-31,1121890.4452999998
2014-02-03,1113378.0083999997
2014-02-04,1090530.6045
2014-02-05,1098170.7814
2014-02-06,1096851.3021
2014-02-07,1107793.1764999998
2014-02-10,1113572.3821999999
2014-02-12,1117654.9444999998
2014-02-13,1109015.3392999996
2014-02-14,1101231.3328999998
2014-02-17,1105049.2489999998
2014-02-18,1118502.5429999998
2014-02-19,1116501.3084
2014-02-20,1105953.8083000001
2014-02-21,1118295.4291
2014-02-24,1116498.7735000001
2014-02-25,1122454.4548
2014-02-26,1120108.6405
2014-02-27,1118497.3143
2014-02-28,1116210.4378
2014-03-03,1110703.6239
2014-03-04,1112925.8621999999
2014-03-05,1118084.2256
2014-03-06,1124227.1527
2014-03-07,1128486.8501999998
2014-03-10,1124330.8703999997
2014-03-11,1126596.0876999996
2014-03-12,1115080.9047999997
2014-03-13,1113808.3076999998
2014-03-14,1098353.2550999997
2014-03-17,1094957.1930999996
2014-03-18,1098775.4384999997
2014-03-19,1099051.2647999995
2014-03-20,1090885.0293999994
2014-03-24,1098831.8867999995
2014-03-25,1098176.5053999997
2014-03-26,1100615.2024999997
2014-03-27,1108763.9623999996
2014-03-28,1112459.3367999997
2014-03-31,1117097.4334999996
2014-04-01,1116708.7031999996
2014-04-02,1121249.9915999996
2014-04-03,1124518.6808999996
2014-04-04,1125477.1429999997
2014-04-07,1118384.4014999997
2014-04-08,1112245.8911999995
2014-04-09,1102251.8998999996
2014-04-10,1102890.3711999995
2014-04-11,1093966.0772999995
2014-04-14,1092150.1332999994
2014-04-15,1094005.8397999993
2014-04-16,1106010.7048999993
2014-04-17,1106412.6122999992
2014-04-18,1109555.1842999991
2014-04-21,1109084.5651999991
2014-04-22,1104570.2693999992
2014-04-23,1109112.908199999
2014-04-24,1105512.374699999
2014-04-25,1106794.5190999992
2014-04-28,1102809.2215999991
2014-04-30,1102611.0932999991
2014-05-01,1108546.4599999993
2014-05-02,1107703.1524999992
2014-05-07,1094879.023599999
2014-05-08,1099011.684799999
2014-05-09,1101685.2241999991
2014-05-12,1099724.220099999
2014-05-13,1108077.9253999991
2014-05-14,1107938.7622999991
2014-05-15,1105740.0762999991
2014-05-16,1099199.4357999992
2014-05-19,1096581.845799999
2014-05-20,1099087.5067999992
2014-05-21,1097752.370499999
2014-05-22,1106330.398599999
2014-05-23,1109726.541099999
2014-05-26,1114421.566099999
2014-05-27,1115378.497599999
2014-05-28,1116378.473899999
2014-05-29,1116717.8504999988
2014-05-30,1114548.530799999
2014-06-02,1124364.3745999988
2014-06-03,1127447.770599999
2014-06-04,1128236.463899999
2014-06-05,1128144.865399999
2014-06-06,1129514.099299999
2014-06-09,1130680.9118999988
2014-06-10,1127722.1885999986
2014-06-11,1130681.5321999989
2014-06-12,1128162.7887999988
2014-06-13,1131400.501999999
2014-06-16,1126419.910699999
2014-06-17,1127466.626299999
2014-06-18,1131719.703999999
2014-06-19,1140032.619999999
2014-06-20,1139837.1523999989
2014-06-23,1140935.860299999
2014-06-24,1141422.7405999987
2014-06-25,1138327.2506999988
2014-06-26,1139985.1651999988
2014-06-27,1133222.3096999987
2014-06-30,1136526.7264999985
2014-07-01,1142006.4842999985
2014-07-02,1143166.6226999986
2014-07-03,1143189.8274999985
2014-07-04,1146478.7433999984
2014-07-07,1144747.3822999985
2014-07-08,1143201.5821999984
2014-07-09,1142094.9659999986
2014-07-10,1139193.6857999987
2014-07-11,1137336.3567999988
2014-07-14,1140851.8610999987
2014-07-15,1144003.8670999988
2014-07-16,1143274.8706999987
2014-07-17,1143448.7971999987
2014-07-18,1139124.9682999987
2014-07-22,1143989.5158999986
2014-07-23,1144146.6607999986
2014-07-24,1142871.1103999985
2014-07-25,1148374.3944999985
2014-07-28,1150590.9928999986
2014-07-29,1152681.5023999985
2014-07-30,1152752.5185999984
2014-07-31,1152626.7643999984
2014-08-01,1148722.3623999984
2014-08-04,1147431.3015999983
2014-08-05,1140992.7601999983
2014-08-06,1135239.4030999984
2014-08-07,1137478.1698999982
2014-08-08,1123328.4615999982
2014-08-11,1133705.544699998
2014-08-12,1135208.7303999981
2014-08-13,1137582.9468999982
2014-08-14,1140923.7852999982
2014-08-15,1141252.2911999982
2014-08-18,1140982.1872999982
2014-08-19,1145591.6267999983
2014-08-20,1145049.1346999984
2014-08-21,1148926.8959999983
2014-08-22,1147233.4482999984
2014-08-25,1149445.7702999983
2014-08-26,1146964.5396999982
2014-08-27,1147777.2227999982
2014-08-28,1145390.613799998
2014-08-29,1143632.807199998
2014-09-01,1145756.471599998
2014-09-02,1151715.300299998
2014-09-03,1153343.1914999979
2014-09-04,1151147.336999998
2014-09-05,1150420.9477999979
2014-09-08,1151796.769599998
2014-09-09,1151272.861799998
2014-09-10,1152713.966899998
2014-09-11,1155194.379199998
2014-09-12,1155542.069299998
2014-09-16,1153030.533999998
2014-09-17,1151205.382199998
2014-09-18,1156749.196299998
2014-09-19,1164074.2403999981
2014-09-22,1162224.9223999982
2014-09-24,1161261.209199998
2014-09-25,1168326.4415999982
2014-09-26,1166557.306499998
2014-09-29,1169097.3923999981
2014-09-30,1164481.9877999981
2014-10-01,1161531.6878999982
2014-10-02,1147446.4101999982
2014-10-03,1149008.273599998
2014-10-06,1154951.184599998
2014-10-07,1150836.027699998
2014-10-08,1145093.570799998
2014-10-09,1140389.763999998
2014-10-10,1134354.969599998
2014-10-14,1123198.104499998
2014-10-15,1127524.125099998
2014-10-16,1115991.194799998
2014-10-17,1109744.212999998
2014-10-20,1127502.0727999979
2014-10-21,1117697.8715999979
2014-10-22,1130400.7443999979
2014-10-23,1129058.5070999977
2014-10-24,1133379.2711999977
2014-10-27,1137120.7442999978
2014-10-28,1134963.756999998
2014-10-29,1142828.7964999978
2014-10-30,1145702.8750999977
2014-10-31,1168440.991099998
2014-11-04,1181405.691199998
2014-11-05,1184689.3230999978
2014-11-06,1179106.7812999978
2014-11-07,1181921.1120999977
2014-11-10,1180693.0424999977
2014-11-11,1189227.7442999976
2014-11-12,1190758.3191999975
2014-11-13,1195621.2771999976
2014-11-14,1199216.2081999974
2014-11-17,1182949.1387999975
2014-11-18,1194615.6113999975
2014-11-19,1194633.2117999974
2014-11-20,1195545.9918999975
2014-11-21,1197776.7439999976
2014-11-25,1200332.7988999975
2014-11-26,1199959.1124999975
2014-11-27,1194981.2510999972
2014-11-28,1202123.9994999974
2014-12-01,1206402.0987999972
2014-12-02,1208910.6125999973
2014-12-03,1210659.2248999975
2014-12-04,1215814.4470999974
2014-12-05,1216966.6535999975
2014-12-08,1217744.0791999975
2014-12-09,1213866.4721999974
2014-12-10,1201278.8195999975
2014-12-11,1197425.4291999976
2014-12-12,1200088.0166999975
2014-12-15,1191947.2836999975
2014-12-16,1181638.5766999975
2014-12-17,1183059.9025999976
2014-12-18,1195709.7853999976
2014-12-19,1208342.2753999976
2014-12-22,1209172.1032999977
2014-12-24,1215636.5288999977
2014-12-25,1213765.7702999976
2014-12-26,1215651.7371999975
2014-12-29,1213614.8178999973
2014-12-30,1206059.1732999976
2015-01-05,1204952.3136999975
2015-01-06,1187860.5975999977
2015-01-07,1187653.4464999977
2015-01-08,1196523.9118999979
2015-01-09,1196071.8606999977
2015-01-13,1192597.3735999977
2015-01-14,1184217.7214999977
2015-01-15,1193185.7637999977
2015-01-16,1186244.8205999976
2015-01-19,1190546.278099998
2015-01-20,1201133.1860999977
2015-01-21,1197894.2217999976
2015-01-22,1198826.5835999977
2015-01-23,1204622.6172999977
2015-01-26,1203625.2308999978
2015-01-27,1213698.7024999978
2015-01-28,1215614.1940999976
2015-01-29,1210394.3455999976
2015-01-30,1212801.2514999977
2015-02-02,1210423.3985999976
2015-02-03,1203655.8307999978
2015-02-04,1214408.9809999978
2015-02-05,1208843.555999998
2015-02-06,1212307.221999998
2015-02-09,1214908.3493999979
2015-02-10,1213852.547799998
2015-02-12,1223844.062299998
2015-02-13,1221746.0908999979
2015-02-16,1225025.0481999977
2015-02-17,1226148.3136999977
2015-02-18,1233083.1965999976
2015-02-19,1236052.3921999978
2015-02-20,1238181.7823999978
2015-02-23,1242432.0943999977
2015-02-24,1246422.0066999977
2015-02-25,1244644.3112999976
2015-02-26,1250866.5024999978
2015-02-27,1251305.4201999977
2015-03-02,1252143.2531999978
2015-03-03,1251597.8524999977
2015-03-04,1247715.3437999976
2015-03-05,1249465.3265999975
2015-03-06,1255753.0811999976
2015-03-09,1251305.0500999978
2015-03-10,1247836.6901999977
2015-03-11,1249331.4864999978
2015-03-12,1257401.7557999978
2015-03-13,1264609.9909999978
2015-03-16,1264156.5113999979
2015-03-17,1269152.5333999977
2015-03-18,1272854.6521999976
2015-03-19,1270368.6994999978
2015-03-20,1272793.0818999978
2015-03-23,1278679.4686999978
2015-03-24,1277600.2515999977
2015-03-25,1279504.7787999976
2015-03-26,1270305.2648999977
2015-03-27,1267575.6231999975
2015-03-30,1270317.8256999976
2015-03-31,1262398.9457999975
2015-04-01,1257990.4498999976
2015-04-02,1266728.1983999975
2015-04-03,1270159.7083999976
2015-04-06,1268342.8074999976
2015-04-07,1276429.3021999975
2015-04-08,1280746.5153999976
2015-04-09,1283559.2330999975
2015-04-10,1281831.7785999975
2015-04-13,1280443.8068999974
2015-04-14,1281505.2708999976
2015-04-15,1280794.7157999976
2015-04-16,1282860.1227999977
2015-04-17,1276978.3916999977
2015-04-20,1275969.0582999978
2015-04-21,1283928.8220999977
2015-04-22,1289744.6892999976
2015-04-23,1292180.7676999979
2015-04-24,1288242.0563999978
2015-04-27,1287188.3855999978
2015-04-28,1290238.3258999977
2015-04-30,1275594.4889999977
2015-05-01,1273347.6394999977
2015-05-07,1268432.208199998
2015-05-08,1272450.9561999978
2015-05-11,1278240.036599998
2015-05-12,1280517.8845999981
2015-05-13,1285149.783299998
2015-05-14,1278985.5706999977
2015-05-15,1283212.7339999978
2015-05-18,1288861.7040999979
2015-05-19,1292908.9148999979
2015-05-20,1297588.837799998
2015-05-21,1298151.498599998
2015-05-22,1299799.3113999981
2015-05-25,1304548.067999998
2015-05-26,1305759.6555999978
2015-05-27,1306675.228099998
2015-05-28,1309817.901799998
2015-05-29,1310393.8760999981
2015-06-01,1311622.5284999982
2015-06-02,1310191.1528999982
2015-06-03,1308453.4349999982
2015-06-04,1309498.033199998
2015-06-05,1308718.1402999982
2015-06-08,1308929.4332999983
2015-06-09,1297071.6878999982
2015-06-10,1294695.2230999982
2015-06-11,1306537.1915999982
2015-06-12,1305561.3532999982
2015-06-15,1304751.0920999981
2015-06-16,1300331.8790999982
2015-06-17,1297477.7051999983
2015-06-18,1289809.8624999982
2015-06-19,1295544.7297999982
2015-06-22,1302588.3660999981
2015-06-23,1314478.4083999982
2015-06-24,1316465.3902999982
2015-06-25,1313866.7843999981
2015-06-26,1311715.138799998
2015-06-29,1293307.552999998
2015-06-30,1296354.9084999978
2015-07-01,1299252.295099998
2015-07-02,1304634.1481999978
2015-07-03,1304610.7142999978
2015-07-06,1290855.776699998
2015-07-07,1298931.479199998
2015-07-08,1277712.748099998
2015-07-09,1279752.3068999979
2015-07-10,1278044.6369999982
2015-07-13,1288780.879699998
2015-07-14,1298883.7199999979
2015-07-15,1300964.006399998
2015-07-16,1304853.3316999981
2015-07-17,1306066.933799998
2015-07-21,1312229.3378999978
2015-07-22,1305603.0789999978
2015-07-23,1307693.7332999979
2015-07-24,1301974.6733999979
2015-07-27,1295426.392099998
2015-07-28,1294044.185799998
2015-07-29,1293527.058499998
2015-07-30,1301138.599499998
2015-07-31,1304430.961999998
2015-08-03,1301435.120699998
2015-08-04,1300278.609599998
2015-08-05,1302779.7222999982
2015-08-06,1305397.3713999982
2015-08-07,1307165.946299998
2015-08-10,1309271.156099998
2015-08-11,1307082.630999998
2015-08-12,1296631.174999998
2015-08-13,1303001.918399998
2015-08-14,1299847.841099998
2015-08-17,1303878.381599998
2015-08-18,1302073.3306999982
2015-08-19,1292109.4445999982
2015-08-20,1284871.432599998
2015-08-21,1265198.7666999982
2015-08-24,1233766.6457999982
2015-08-25,1210329.5497999983
2015-08-26,1228906.9383999985
2015-08-27,1235116.6190999984
2015-08-28,1253991.1809999985
2015-08-31,1246497.0577999984
2015-09-01,1223922.0120999985
2015-09-02,1220102.2638999987
2015-09-03,1222759.4612999987
2015-09-04,1211285.3470999987
2015-09-07,1212341.2798999986
2015-09-08,1200406.7378999987
2015-09-09,1239002.8352999985
2015-09-10,1226605.5298999986
2015-09-11,1225952.3303999985
2015-09-14,1219426.9159999983
2015-09-15,1221450.0277999984
2015-09-16,1225527.1630999984
2015-09-17,1233272.0944999985
2015-09-18,1219454.8153999986
2015-09-24,1204222.9705999985
2015-09-25,1214667.5772999986
2015-09-28,1211900.3790999986
2015-09-29,1189561.8604999986
2015-09-30,1202505.0950999986
2015-10-01,1210622.6816999987
2015-10-02,1211452.7821999986
2015-10-05,1220494.5703999987
2015-10-06,1226124.3922999986
2015-10-07,1233155.5640999987
2015-10-08,1228383.9717999985
2015-10-09,1240059.7943999986
2015-10-13,1236087.2500999984
2015-10-14,1224070.6167999986
2015-10-15,1230341.6574999986
2015-10-16,1236737.4369999985
2015-10-19,1232045.1918999986
2015-10-20,1232978.0594999986
2015-10-21,1245159.5073999986
2015-10-22,1241835.8338999986
2015-10-23,1254169.1917999985
2015-10-26,1257931.3928999985
2015-10-27,1251451.6092999985
2015-10-28,1254169.5146999983
2015-10-29,1254639.7942999983
2015-10-30,1259047.9350999983
2015-11-02,1244631.2492999984
2015-11-04,1250346.3597999983
2015-11-05,1257469.3183999984
2015-11-06,1261139.0199999984
2015-11-09,1270766.9381999983
2015-11-10,1270905.5827999983
2015-11-11,1272324.7635999983
2015-11-12,1272334.0622999985
2015-11-13,1269189.5159999984
2015-11-16,1262616.3488999982
2015-11-17,1270679.4680999983
2015-11-18,1270722.9836999984
2015-11-19,1278066.7357999985
2015-11-20,1278813.5307999984
2015-11-24,1280694.5979999984
2015-11-25,1277654.9120999984
2015-11-26,1280548.8481999985
2015-11-27,1278271.7328999983
2015-11-30,1272480.3999999983
2015-12-01,1280822.6857999982
2015-12-02,1278099.7791999984
2015-12-03,1277632.2879999983
2015-12-04,1265401.6734999984
2015-12-07,1271358.5708999983
2015-12-08,1264636.6087999984
2015-12-09,1258434.0067999985
2015-12-10,1251032.4119999984
2015-12-11,1255670.4086999984
2015-12-14,1245761.0600999983
2015-12-15,1235306.0764999983
2015-12-16,1249427.9204999984
2015-12-17,1259401.8230999983
2015-12-18,1247083.980299998
2015-12-21,1245213.765399998
2015-12-22,1245281.1084999982
2015-12-24,1242354.6983999982
2015-12-25,1240199.462799998
2015-12-28,1246866.8068999983
2015-12-29,1250414.4593999982
2015-12-30,1251943.316099998
2016-01-04,1234707.766199998
2016-01-05,1232908.4767999982
2016-01-06,1226773.0840999982
2016-01-07,1213005.6930999984
2016-01-08,1210491.3996999983
2016-01-12,1193558.6068999984
2016-01-13,1209907.7101999985
2016-01-14,1195483.1656999984
2016-01-15,1193074.9887999983
2016-01-18,1187897.8876999984
2016-01-19,1190929.3825999985
2016-01-20,1169973.3504999983
2016-01-21,1157095.9662999983
2016-01-22,1186835.3160999983
2016-01-25,1192151.5527999983
2016-01-26,1179076.6743999983
2016-01-27,1193553.1032999982
2016-01-28,1189224.4559999984
2016-01-29,1204829.8704999983
2016-02-01,1213367.4271999984
2016-02-02,1207666.1834999984
2016-02-03,1189873.8254999984
2016-02-04,1185380.6283999984
2016-02-05,1177858.6808999982
2016-02-08,1182483.4448999981
2016-02-09,1154124.703599998
2016-02-10,1140273.069099998
2016-02-12,1116236.0595999982
2016-02-15,1151333.4842999983
2016-02-16,1150536.9860999982
2016-02-17,1142409.5592999982
2016-02-18,1154449.998699998
2016-02-19,1148062.3472999982
2016-02-22,1152471.9845999982
2016-02-23,1151141.083899998
2016-02-24,1146960.9485999981
2016-02-25,1155362.372599998
2016-02-26,1156060.679099998
2016-02-29,1149302.986599998
2016-03-01,1150717.0081999982
2016-03-02,1170585.3307999982
2016-03-03,1177785.9787999983
2016-03-04,1181350.9674999984
2016-03-07,1178568.1640999983
2016-03-08,1173503.9416999982
2016-03-09,1166305.7152999984
2016-03-10,1173580.5594999983
2016-03-11,1176533.5874999983
2016-03-14,1186098.6885999984
2016-03-15,1181912.0954999984
2016-03-16,1177824.5573999984
2016-03-17,1176193.2313999983
2016-03-18,1171091.9620999983
2016-03-22,1180857.9844999984
2016-03-23,1179549.5460999983
2016-03-24,1175189.1675999984
2016-03-25,1179321.3479999984
2016-03-28,1184680.0480999984
2016-03-29,1187405.5577999982
2016-03-30,1178700.7644999982
2016-03-31,1175534.6617999983
2016-04-01,1155654.7499999981
2016-04-04,1155599.403399998
2016-04-05,1141295.0832999982
2016-04-06,1140789.6106999982
2016-04-07,1141076.0912999983
2016-04-08,1144683.0573999984
2016-04-11,1143506.6358999982
2016-04-12,1150497.9323999984
2016-04-13,1164039.6588999983
2016-04-14,1181550.7681999984
2016-04-15,1179128.1140999985
2016-04-18,1162366.0246999986
2016-04-19,1181195.6745999984
2016-04-20,1181991.6501999984
2016-04-21,1194753.4613999985
2016-04-22,1200771.1682999984
2016-04-25,1197589.1145999983
2016-04-26,1193667.9637999984
2016-04-27,1192076.3728999984
2016-04-28,1172314.0680999984
2016-05-02,1154820.1939999983
2016-05-06,1153286.1049999981
2016-05-09,1156910.4467999982
2016-05-10,1166748.1734999982
2016-05-11,1166442.198499998
2016-05-12,1170513.076799998
2016-05-13,1163468.502599998
2016-05-16,1164662.137399998
2016-05-17,1171584.004499998
2016-05-18,1172992.150699998
2016-05-19,1172612.614399998
2016-05-20,1175227.2265999978
2016-05-23,1172836.4036999978
2016-05-24,1167278.0506999977
2016-05-25,1175085.0242999978
2016-05-26,1176483.3746999977
2016-05-27,1179084.6698999978
2016-05-30,1186023.2820999979
2016-05-31,1191339.606499998
2016-06-01,1182117.723899998
2016-06-02,1169230.8433999978
2016-06-03,1171907.4583999978
2016-06-06,1170165.9898999978
2016-06-07,1174382.1219999976
2016-06-08,1179374.3670999976
2016-06-09,1174051.8915999974
2016-06-10,1171049.7156999975
2016-06-13,1152462.0765999975
2016-06-14,1147927.6019999976
2016-06-15,1149824.9867999975
2016-06-16,1134642.8824999975
2016-06-17,1138987.3025999975
2016-06-20,1151803.0827999976
2016-06-21,1156672.6040999976
2016-06-22,1152041.1800999974
2016-06-23,1158694.2288999974
2016-06-24,1118823.2701999974
2016-06-27,1128347.0556999973
2016-06-28,1128715.7063999975
2016-06-29,1137098.2691999974
2016-06-30,1137938.5839999975
2016-07-01,1140774.4698999976
2016-07-04,1143818.4924999976
2016-07-05,1141248.1661999975
2016-07-06,1132427.2409999976
2016-07-07,1129975.8069999977
2016-07-08,1124199.3730999976
2016-07-11,1143856.3403999978
2016-07-12,1154860.5301999978
2016-07-13,1159746.1278999976
2016-07-14,1164693.5063999975
2016-07-15,1169179.0105999976
2016-07-19,1177952.7677999977
2016-07-20,1176402.5651999977
2016-07-21,1180743.1852999977
2016-07-22,1174583.6001999974
2016-07-25,1174742.4048999976
2016-07-26,1166153.0319999976
2016-07-27,1175132.7154999976
2016-07-28,1169132.1209999975
2016-07-29,1172979.3832999975
2016-08-01,1170176.7121999974
2016-08-02,1161310.1919999975
2016-08-03,1148760.7680999977
2016-08-04,1155741.4721999976
2016-08-05,1153885.8269999977
2016-08-08,1166906.0928999977
2016-08-09,1169539.3857999977
2016-08-10,1168252.8599999978
2016-08-12,1173308.0688999977
2016-08-15,1169726.5020999978
2016-08-16,1161998.0274999978
2016-08-17,1166803.6479999977
2016-08-18,1160081.1492999978
2016-08-19,1163350.1311999978
2016-08-22,1165849.9434999977
2016-08-23,1162094.5961999977
2016-08-24,1165561.5232999977
2016-08-25,1164163.0084999977
2016-08-26,1158453.6657999975
2016-08-29,1169920.7776999976
2016-08-30,1169878.7722999975
2016-08-31,1176711.2828999977
2016-09-01,1177342.3863999976
2016-09-02,1177946.3761999975
2016-09-05,1182118.3730999976
2016-09-06,1184293.6975999977
2016-09-07,1181555.6657999977
2016-09-08,1180069.4885999977
2016-09-09,1180746.1289999979
2016-09-12,1171851.2020999978
2016-09-13,1172753.188699998
2016-09-14,1169972.1633999979
2016-09-15,1164074.369599998
2016-09-16,1168259.113199998
2016-09-20,1167376.356399998
2016-09-21,1178747.208599998
2016-09-23,1176826.394799998
2016-09-26,1169532.868999998
2016-09-27,1174736.7266999981
2016-09-28,1171268.712599998
2016-09-29,1178427.048299998
2016-09-30,1170489.9315999981
2016-10-03,1172729.4587999978
2016-10-04,1177099.0472999979
2016-10-05,1179786.331699998
2016-10-06,1182979.0405999979
2016-10-07,1182685.380199998
2016-10-11,1186272.7685999977
2016-10-12,1180588.317299998
2016-10-13,1178854.5826999978
2016-10-14,1180681.9552999977
2016-10-17,1182638.1367999977
2016-10-18,1185305.0442999976
2016-10-19,1186140.7771999976
2016-10-20,1193600.0719999974
2016-10-21,1192599.5698999974
2016-10-24,1194415.5838999974
2016-10-25,1198512.6211999974
2016-10-26,1199735.0513999974
2016-10-27,1199171.2395999974
2016-10-28,1202577.9597999973
2016-10-31,1202468.7832999974
2016-11-01,1203335.3688999973
2016-11-02,1193874.4026999974
2016-11-04,1187843.7641999973
2016-11-07,1196241.7217999971
2016-11-08,1195168.4967999973
2016-11-09,1166821.6237999971
2016-11-10,1200881.9012999972
2016-11-11,1203901.1246999972
2016-11-14,1214124.480099997
2016-11-15,1213809.531999997
2016-11-16,1220801.885799997
2016-11-17,1220940.517699997
2016-11-18,1225756.186299997
2016-11-21,1229159.2619999968
2016-11-22,1231577.6776999966
2016-11-24,1237535.6696999967
2016-11-25,1239265.3416999967
2016-11-28,1239422.8588999966
2016-11-29,1238065.8526999967
2016-11-30,1238119.2978999969
2016-12-01,1244715.5418999968
2016-12-02,1242523.2982999966
2016-12-05,1238472.0735999967
2016-12-06,1242952.9177999967
2016-12-07,1248095.3720999965
2016-12-08,1257075.5170999963
2016-12-09,1264743.5049999966
2016-12-12,1268042.2464999966
2016-12-13,1269815.0172999967
2016-12-14,1269240.4219999965
2016-12-15,1269828.2305999966
2016-12-16,1274225.2663999966
2016-12-19,1272725.7992999968
2016-12-20,1275039.2371999966
2016-12-21,1272658.2252999968
2016-12-22,1271917.5816999967
2016-12-26,1270322.9183999968
2016-12-27,1269688.0232999967
2016-12-28,1271285.2263999968
2016-12-29,1261953.8988999967
2016-12-30,1260913.7497999966
2017-01-04,1277286.9295999967
2017-01-05,1274598.2820999967
2017-01-06,1271691.3131999967
2017-01-10,1265934.5430999966
2017-01-11,1269948.7646999967
2017-01-12,1262939.2747999968
2017-01-13,1267227.5522999968
2017-01-16,1260694.557199997
2017-01-17,1252614.2371999968
2017-01-18,1256122.2526999968
2017-01-19,1261793.4640999967
2017-01-20,1264396.0571999967
2017-01-23,1257309.6138999967
2017-01-24,1252502.9769999967
2017-01-25,1260624.7477999968
2017-01-26,1271822.4648999968
2017-01-27,1273015.8149999967
2017-01-30,1270021.3481999966
2017-01-31,1258226.5091999967
2017-02-01,1261624.1032999966
2017-02-02,1253324.0771999967
2017-02-03,1253889.7662999965
2017-02-06,1255281.4745999966
2017-02-07,1253942.3570999966
2017-02-08,1257337.9461999966
2017-02-09,1253755.1238999965
2017-02-10,1269564.0612999967
2017-02-13,1273593.2276999964
2017-02-14,1267461.1468999963
2017-02-15,1274046.5927999965
2017-02-16,1271660.0858999966
2017-02-17,1268430.1460999965
2017-02-20,1268714.8808999965
2017-02-21,1273593.7169999965
2017-02-22,1274377.8904999965
2017-02-23,1273719.7946999965
2017-02-24,1269874.1655999965
2017-02-27,1264114.8913999964
2017-02-28,1265712.1639999964
2017-03-01,1273792.9905999964
2017-03-02,1280232.8308999965
2017-03-03,1276876.5615999964
2017-03-06,1274389.0210999963
2017-03-07,1273255.6953999964
2017-03-08,1270583.5466999963
2017-03-09,1272543.5319999964
2017-03-10,1280985.9812999964
2017-03-13,1281794.9455999965
2017-03-14,1281461.1234999965
2017-03-15,1279673.8504999962
2017-03-16,1280387.4883999964
2017-03-17,1277917.0189999964
2017-03-21,1276282.6079999963
2017-03-22,1261806.1549999963
2017-03-23,1263299.1054999963
2017-03-24,1269497.2649999964
2017-03-27,1260782.6612999963
2017-03-28,1267750.7791999965
2017-03-29,1272536.9155999967
2017-03-30,1267317.4762999965
2017-03-31,1262006.1596999965
2017-04-03,1263427.6268999963
2017-04-04,1257408.5243999963
2017-04-05,1258446.7916999962
2017-04-06,1248855.6853999961
2017-04-07,1251660.342899996
2017-04-10,1257319.495299996
2017-04-11,1255114.124199996
2017-04-12,1248922.3456999962
2017-04-13,1244442.1469999962
2017-04-14,1240971.052899996
2017-04-17,1242448.5925999961
2017-04-18,1244121.1302999961
2017-04-19,1243838.8001999962
2017-04-20,1243604.9872999962
2017-04-21,1249821.7074999963
2017-04-24,1256954.4096999965
2017-04-25,1265419.9596999963
2017-04-26,1273651.7948999964
2017-04-27,1272969.2444999963
2017-04-28,1270400.5738999962
2017-05-01,1273948.7042999961
2017-05-02,1278296.641699996
2017-05-08,1292741.281399996
2017-05-09,1290643.000699996
2017-05-10,1291661.533599996
2017-05-11,1291634.918499996
2017-05-12,1287921.6028999959
2017-05-15,1286444.492899996
2017-05-16,1287977.217999996
2017-05-17,1283531.8546999958
2017-05-18,1275498.163299996
2017-05-19,1277532.447999996
2017-05-22,1280322.325399996
2017-05-23,1277700.359299996
2017-05-24,1282614.7705999962
2017-05-25,1284349.937899996
2017-05-26,1279937.6976999962
2017-05-29,1279981.6111999962
2017-05-30,1279584.5618999961
2017-05-31,1278560.0505999962
2017-06-01,1285944.7543999963
2017-06-02,1297942.3053999962
2017-06-05,1296650.0988999964
2017-06-06,1290876.4400999963
2017-06-07,1291708.4648999963
2017-06-08,1289945.5358999963
2017-06-09,1291773.1016999963
2017-06-12,1290270.5453999965
2017-06-13,1290507.6449999963
2017-06-14,1290204.3733999962
2017-06-15,1287525.912399996
2017-06-16,1289959.5155999963
2017-06-19,1293748.4849999961
2017-06-20,1298843.492499996
2017-06-21,1296265.733099996
2017-06-22,1295020.7706999963
2017-06-23,1295961.287199996
2017-06-26,1295936.701299996
2017-06-27,1299167.8790999963
2017-06-28,1297889.1850999962
2017-06-29,1301742.554999996
2017-06-30,1296414.525599996
2017-07-03,1297630.1831999961
2017-07-04,1296995.1032999961
2017-07-05,1299370.092199996
2017-07-06,1296859.4416999961
2017-07-07,1294953.4665999962
2017-07-10,1300568.459699996
2017-07-11,1303793.2231999962
2017-07-12,1300552.338399996
2017-07-13,1300155.609799996
2017-07-14,1302025.864499996
2017-07-18,1298886.555499996
2017-07-19,1298547.853999996
2017-07-20,1302742.397299996
2017-07-21,1301025.333999996
2017-07-24,1296788.628699996
2017-07-25,1295518.9036999962
2017-07-26,1298749.745499996
2017-07-27,1299370.7570999959
2017-07-28,1295223.4873999958
2017-07-31,1295275.780899996
2017-08-01,1295680.108199996
2017-08-02,1298378.124499996
2017-08-03,1298157.808299996
2017-08-04,1295152.7655999959
2017-08-07,1298374.203599996
2017-08-08,1297418.919199996
2017-08-09,1290416.5918999957
2017-08-10,1291152.437999996
2017-08-14,1284189.655799996
2017-08-15,1290490.053299996
2017-08-16,1290074.1169999961
2017-08-17,1289960.1884999962
2017-08-18,1282065.8234999962
2017-08-21,1280677.3420999963
2017-08-22,1280826.0519999964
2017-08-23,1281668.3932999964
2017-08-24,1278649.4348999963
2017-08-25,1281621.1437999965
2017-08-28,1281762.3954999964
2017-08-29,1279532.0340999963
2017-08-30,1284463.6904999963
2017-08-31,1288938.0422999964
2017-09-01,1290571.3061999963
2017-09-04,1284626.3082999964
2017-09-05,1280363.3684999966
2017-09-06,1280165.2261999967
2017-09-07,1282182.1566999967
2017-09-08,1278504.0938999965
2017-09-11,1286688.6140999966
2017-09-12,1294774.1451999967
2017-09-13,1297918.6908999966
2017-09-14,1295628.9557999966
2017-09-15,1298045.5818999966
2017-09-19,1310348.3420999967
2017-09-20,1309965.2154999967
2017-09-21,1310986.0887999968
2017-09-22,1309473.7820999967
2017-09-25,1312349.6465999968
2017-09-26,1312139.3244999968
2017-09-27,1314554.4881999968
2017-09-28,1317604.6080999966
2017-09-29,1317284.6294999965
2017-10-02,1315374.6175999965
2017-10-03,1322389.3729999966
2017-10-04,1322478.0131999967
2017-10-05,1322168.4102999968
2017-10-06,1325011.7243999967
2017-10-10,1327719.147799997
2017-10-11,1329613.6402999968
2017-10-12,1330601.1369999968
2017-10-13,1336780.3525999966
2017-10-16,1340299.4497999966
2017-10-17,1342737.5275999964
2017-10-18,1342667.5848999966
2017-10-19,1345317.0108999966
2017-10-20,1345588.1389999965
2017-10-23,1353403.8736999966
2017-10-24,1357226.3407999966
2017-10-25,1355712.7730999966
2017-10-26,1356637.3457999965
2017-10-27,1364285.5201999967
2017-10-30,1364716.8002999965
2017-10-31,1365574.6340999966
2017-11-01,1378159.1522999965
2017-11-02,1381410.5545999967
2017-11-06,1380612.9425999965
2017-11-07,1392835.4997999964
2017-11-08,1393091.4561999964
2017-11-09,1391820.4256999963
2017-11-10,1385443.8472999963
2017-11-13,1376392.6671999963
2017-11-14,1376488.2310999963
2017-11-15,1363667.4736999962
2017-11-16,1372927.8027999962
2017-11-17,1374183.2494999962
2017-11-20,1369935.4514999962
2017-11-21,1375372.3455999964
2017-11-22,1378494.0348999966
2017-11-24,1377129.6032999966
2017-11-27,1374588.6430999965
2017-11-28,1372113.5866999966
2017-11-29,1377186.6597999963
2017-11-30,1382758.6630999963
2017-12-01,1384986.4382999963
2017-12-04,1381397.5020999964
2017-12-05,1381494.8346999963
2017-12-06,1367098.3368999963
2017-12-07,1377184.2021999962
2017-12-08,1387647.2451999963
2017-12-11,1391652.1518999962
2017-12-12,1390494.6512999963
2017-12-13,1386313.6891999962
2017-12-14,1385129.8957999963
2017-12-15,1381519.9229999962
2017-12-18,1393145.6281999962
2017-12-19,1391519.8883999963
2017-12-20,1393922.2041999963
2017-12-21,1393802.3796999962
2017-12-22,1395984.5827999962
2017-12-25,1396666.3719999962
2017-12-26,1394628.5888999964
2017-12-27,1397770.4698999962
2017-12-28,1393621.5194999962
2017-12-29,1392966.3595999964
2018-01-04,1416435.143199996
2018-01-05,1424402.322599996
2018-01-09,1429088.1992999963
2018-01-10,1427940.2031999961
2018-01-11,1426598.3607999962
2018-01-12,1425231.8970999962
2018-01-15,1426226.135599996
2018-01-16,1431249.1345999958
2018-01-17,1428263.094099996
2018-01-18,1423717.999899996
2018-01-19,1426977.066499996
2018-01-22,1426371.563799996
2018-01-23,1435542.912999996
2018-01-24,1430085.550599996
2018-01-25,1422668.223299996
2018-01-26,1419872.531099996
2018-01-29,1420193.259299996
2018-01-30,1409530.6794999961
2018-01-31,1402469.413899996
2018-02-01,1413568.9930999961
2018-02-02,1407575.5851999961
2018-02-05,1387391.264999996
2018-02-06,1352545.5422999961
2018-02-07,1353187.808299996
2018-02-08,1359723.547299996
2018-02-09,1341510.7453999962
2018-02-13,1334415.929099996
2018-02-14,1332247.1178999962
2018-02-15,1340915.7516999964
2018-02-16,1349182.1840999965
2018-02-19,1363958.0345999964
2018-02-20,1357673.3206999963
2018-02-21,1358069.5230999961
2018-02-22,1349767.286299996
2018-02-23,1355698.310299996
2018-02-26,1362568.836499996
2018-02-27,1369833.349499996
2018-02-28,1359483.7900999961
2018-03-01,1347610.249299996
2018-03-02,1330821.624199996
2018-03-05,1325149.689099996
2018-03-06,1336104.783299996
2018-03-07,1330058.855399996
2018-03-08,1333049.184099996
2018-03-09,1336323.1745999963
2018-03-12,1348374.2919999962
2018-03-13,1352821.7626999964
2018-03-14,1347431.0157999964
2018-03-15,1346699.5205999964
2018-03-16,1343126.9483999964
2018-03-19,1336505.7459999966
2018-03-20,1335315.6381999964
2018-03-22,1340227.3773999966
2018-03-23,1310643.3716999965
2018-03-26,1313975.7660999964
2018-03-27,1333798.3663999964
2018-03-28,1331549.6509999966
2018-03-29,1334571.1191999966
2018-03-30,1343928.7425999965
2018-04-02,1341684.1788999964
2018-04-03,1339197.4588999965
2018-04-04,1339222.3152999966
2018-04-05,1349036.3971999965
2018-04-06,1345749.4036999964
2018-04-09,1349349.4904999966
2018-04-10,1354161.8674999964
2018-04-11,1351247.7436999963
2018-04-12,1347453.7191999962
2018-04-13,1353602.1807999962
2018-04-16,1354905.5279999962
2018-04-17,1354825.1683999961
2018-04-18,1364438.004799996
2018-04-19,1367360.856799996
2018-04-20,1366592.133599996
2018-04-23,1365899.663699996
2018-04-24,1371974.4805999962
2018-04-25,1369864.253699996
2018-04-26,1373050.7447999958
2018-04-27,1376516.1107999957
2018-05-01,1377872.431399996
2018-05-02,1377355.1745999958
2018-05-07,1377647.364099996
2018-05-08,1378148.2207999958
2018-05-09,1375458.4556999959
2018-05-10,1378330.229599996
2018-05-11,1384915.093099996
2018-05-14,1388209.584699996
2018-05-15,1387495.175899996
2018-05-16,1384664.7565999958
2018-05-17,1389072.7059999958
2018-05-18,1392222.3702999959
2018-05-21,1392893.8191999958
2018-05-22,1391957.8609999958
2018-05-23,1383398.116999996
2018-05-24,1374374.9519999959
2018-05-25,1375244.3358999959
2018-05-28,1375512.0205999957
2018-05-29,1371103.821499996
2018-05-30,1359343.794599996
2018-05-31,1364837.4479999961
2018-06-01,1364124.578399996
2018-06-04,1374672.6832999962
2018-06-05,1375765.394999996
2018-06-06,1378268.103899996
2018-06-07,1384312.277399996
2018-06-08,1380750.660699996
2018-06-11,1382841.363599996
2018-06-12,1385381.4835999962
2018-06-13,1387959.5481999964
2018-06-14,1381078.5334999962
2018-06-15,1383851.6326999962
2018-06-18,1375627.142699996
2018-06-19,1362579.734499996
2018-06-20,1368305.807799996
2018-06-21,1369871.011299996
2018-06-22,1365958.261499996
2018-06-25,1360374.1724999961
2018-06-26,1363055.2592999963
2018-06-27,1361848.500099996
2018-06-28,1362005.3839999961
2018-06-29,1362595.3333999962
2018-07-02,1346016.0673999963
2018-07-03,1344228.2756999962
2018-07-04,1342011.6513999961
2018-07-05,1334865.0785999962
2018-07-06,1342215.529499996
2018-07-09,1349556.249599996
2018-07-10,1353027.7022999958
2018-07-11,1344066.5666999957
2018-07-12,1348448.0308999955
2018-07-13,1359777.7249999954
2018-07-17,1364990.1375999954
2018-07-18,1367792.4248999956
2018-07-19,1367158.6975999954
2018-07-20,1363628.0279999953
2018-07-23,1356945.1138999953
2018-07-24,1361446.0531999953
2018-07-25,1365251.4169999952
2018-07-26,1367344.5411999952
2018-07-27,1371230.1469999952
2018-07-30,1367610.015499995
2018-07-31,1366686.779199995
2018-08-01,1372001.4449999952
2018-08-02,1364005.6431999952
2018-08-03,1362859.922899995
2018-08-06,1359825.464999995
2018-08-07,1364123.2107999949
2018-08-08,1362118.4729999949
2018-08-09,1360593.7039999948
2018-08-10,1352658.3636999947
2018-08-13,1335504.830799995
2018-08-14,1349609.7240999949
2018-08-15,1344640.773799995
2018-08-16,1342850.4942999948
2018-08-17,1345387.9850999948
2018-08-20,1343953.7764999948
2018-08-21,1345221.925699995
2018-08-22,1350898.0123999948
2018-08-23,1351295.7886999948
2018-08-24,1355270.6829999948
2018-08-27,1362483.305699995
2018-08-28,1362879.7395999948
2018-08-29,1365811.449099995
2018-08-30,1366317.0814999947
2018-08-31,1364716.5812999948
2018-09-03,1358643.8506999947
2018-09-04,1357869.5902999947
2018-09-05,1355039.5493999948
2018-09-06,1350751.0015999947
2018-09-07,1345407.0346999946
2018-09-10,1346447.6761999945
2018-09-11,1353172.9099999946
2018-09-12,1349319.7288999944
2018-09-13,1356656.5242999946
2018-09-14,1365630.3865999945
2018-09-18,1379123.9188999943
2018-09-19,1387622.0222999945
2018-09-20,1388520.8010999945
2018-09-21,1395753.0224999944
2018-09-25,1399763.1680999943
2018-09-26,1406692.4296999942
2018-09-27,1398567.181099994
2018-09-28,1406556.1250999942
2018-10-01,1407766.036099994
2018-10-02,1410076.787699994
2018-10-03,1403922.4414999941
2018-10-04,1401136.527499994
2018-10-05,1394761.4965999941
2018-10-09,1383907.239799994
2018-10-10,1386931.524899994
2018-10-11,1359328.043499994
2018-10-12,1360670.612899994
2018-10-15,1348769.4592999942
2018-10-16,1357377.998599994
2018-10-17,1366186.287199994
2018-10-18,1359990.672099994
2018-10-19,1355777.739499994
2018-10-22,1358638.5257999941
2018-10-23,1338598.5778999943
2018-10-24,1339222.4312999942
2018-10-25,1313908.2806999942
2018-10-26,1312403.6690999942
2018-10-29,1313583.5964999942
2018-10-30,1322223.9181999941
2018-10-31,1335273.222299994
2018-11-01,1332858.980499994
2018-11-02,1348550.436899994
2018-11-05,1338832.678599994
2018-11-06,1346928.1077999938
2018-11-07,1344737.8188999938
2018-11-08,1356428.2258999937
2018-11-09,1351886.3444999936
2018-11-12,1351847.5867999936
2018-11-13,1335362.7235999936
2018-11-14,1336323.2402999937
2018-11-15,1335677.4197999937
2018-11-16,1332308.0869999938
2018-11-19,1334307.7832999937
2018-11-20,1330117.126399994
2018-11-21,1326263.5296999938
2018-11-22,1330178.8486999937
2018-11-26,1334794.6479999938
2018-11-27,1338640.0789999939
2018-11-28,1344449.4313999938
2018-11-29,1346523.9733999937
2018-11-30,1349225.5185999938
2018-12-03,1357007.8735999938
2018-12-04,1338720.4361999938
2018-12-05,1334544.1724999938
2018-12-06,1322862.9215999937
2018-12-07,1328023.3745999937
2018-12-10,1314159.5230999938
2018-12-11,1308453.9509999938
2018-12-12,1322853.0597999939
2018-12-13,1329686.9447999941
2018-12-14,1317410.699099994
2018-12-17,1321098.895299994
2018-12-18,1309864.517099994
2018-12-19,1306492.275099994
2018-12-20,1288126.4510999941
2018-12-21,1278850.2990999941
2018-12-25,1248599.5846999942
2018-12-26,1254320.7221999941
2018-12-27,1279752.399399994
2018-12-28,1278684.361299994
2019-01-04,1265753.2084999941
2019-01-07,1282808.0102999941
2019-01-08,1285943.338899994
2019-01-09,1292856.7805999941
2019-01-10,1287301.014499994
2019-01-11,1292835.0032999942
2019-01-15,1297876.488199994
2019-01-16,1293543.3010999938
2019-01-17,1293606.556199994
2019-01-18,1302050.6936999941
2019-01-21,1305107.520599994
2019-01-22,1301511.717399994
2019-01-23,1298913.604399994
2019-01-24,1299768.462199994
2019-01-25,1306475.6824999938
2019-01-28,1301961.6928999939
2019-01-29,1302056.0963999939
2019-01-30,1298567.908599994
2019-01-31,1304037.0669999938
2019-02-01,1302399.7322999937
2019-02-04,1306829.9534999938
2019-02-05,1307568.8948999937
2019-02-06,1308965.5733999936
2019-02-07,1300137.7725999937
2019-02-08,1284965.6555999937
2019-02-12,1300960.1905999938
2019-02-13,1307756.527299994
2019-02-14,1307588.1125999938
2019-02-15,1301692.658199994
2019-02-18,1314823.044899994
2019-02-19,1316838.8934999937
2019-02-20,1320142.1657999938
2019-02-21,1321892.281499994
2019-02-22,1319704.2849999939
2019-02-25,1322943.8002999937
2019-02-26,1321000.9028999936
2019-02-27,1324236.8766999936
2019-02-28,1318173.2736999935
2019-03-01,1323843.9760999936
2019-03-04,1329567.3213999935
2019-03-05,1325926.5060999934
2019-03-06,1322608.2491999934
2019-03-07,1317025.3109999937
2019-03-08,1302581.3354999935
2019-03-11,1306773.5676999935
2019-03-12,1318196.7264999934
2019-03-13,1311857.3766999934
2019-03-14,1311299.3079999934
2019-03-15,1316272.7191999934
2019-03-18,1321155.3887999933
2019-03-19,1320846.8557999935
2019-03-20,1323124.0958999936
2019-03-22,1323840.5384999935
2019-03-25,1304312.3524999935
2019-03-26,1321279.1486999937
2019-03-27,1324187.3226999938
2019-03-28,1312814.1374999937
2019-03-29,1317433.925999994
2019-04-01,1328334.6539999938
2019-04-02,1328080.7188999937
2019-04-03,1335594.8083999937
2019-04-04,1334485.9467999937
2019-04-05,1337886.2855999938
2019-04-08,1335169.0989999939
2019-04-09,1335490.7997999939
2019-04-10,1330950.2687999937
2019-04-11,1330916.2309999936
2019-04-12,1333239.8703999936
2019-04-15,1342932.2533999938
2019-04-16,1342369.4597999938
2019-04-17,1345383.8745999942
2019-04-18,1339847.964499994
2019-04-19,1342825.065299994
2019-04-22,1343025.750399994
2019-04-23,1344208.724599994
2019-04-24,1340298.880099994
2019-04-25,1344490.0249999939
2019-04-26,1341495.9274999937
2019-05-07,1328151.1722999937
2019-05-08,1316586.4733999935
2019-05-09,1307438.7577999935
2019-05-10,1308108.2095999934
2019-05-13,1304249.9342999936
2019-05-14,1300866.4428999936
2019-05-15,1304450.5670999936
2019-05-16,1300565.7090999936
2019-05-17,1306088.1311999934
2019-05-20,1307598.3654999936
2019-05-21,1305676.4422999937
2019-05-22,1304520.1624999936
2019-05-23,1301626.5949999937
2019-05-24,1300710.9888999937
2019-05-27,1302210.3392999938
2019-05-28,1303317.4679999938
2019-05-29,1295862.4511999937
2019-05-30,1295262.627199994
2019-05-31,1284526.3918999936
2019-06-03,1279637.1313999938
2019-06-04,1281867.1807999937
2019-06-05,1293391.7955999938
2019-06-06,1291583.194099994
2019-06-07,1295440.8991999938
2019-06-10,1303278.4563999937
2019-06-11,1305714.0697999937
2019-06-12,1304080.1462999936
2019-06-13,1299912.8673999938
2019-06-14,1302243.2203999937
2019-06-17,1300493.4078999937
2019-06-18,1295598.2307999937
2019-06-19,1306907.9925999937
2019-06-20,1309943.1815999937
2019-06-21,1304215.5520999937
2019-06-24,1304546.5516999937
2019-06-25,1302487.8399999938
2019-06-26,1300019.5041999938
2019-06-27,1308155.3578999937
2019-06-28,1305829.1058999938
2019-07-01,1320937.8332999938
2019-07-02,1322726.4245999937
2019-07-03,1318444.9761999939
2019-07-04,1320334.712999994
2019-07-05,1321575.453399994
2019-07-08,1315103.8899999938
2019-07-09,1314086.5156999938
2019-07-10,1312703.4027999938
2019-07-11,1316183.3634999937
2019-07-12,1317224.8940999936
2019-07-16,1313102.5869999938
2019-07-17,1312517.6627999938
2019-07-18,1298334.9417999936
2019-07-19,1311808.5108999936
2019-07-22,1309199.6273999936
2019-07-23,1314992.7355999935
2019-07-24,1317382.6724999936
2019-07-25,1317978.6777999937
2019-07-26,1314630.0165999937
2019-07-29,1312144.3641999937
2019-07-30,1315680.3957999935
2019-07-31,1309507.4718999937
2019-08-01,1307665.2650999934
2019-08-02,1291943.1308999935
2019-08-05,1280049.3271999937
2019-08-06,1277689.5634999936
2019-08-07,1275538.5080999935
2019-08-08,1277881.7879999937
2019-08-09,1279562.9000999937
2019-08-13,1271771.7515999936
2019-08-14,1278113.9190999935
2019-08-15,1270462.6161999935
2019-08-16,1271817.0584999938
2019-08-19,1275481.9679999938
2019-08-20,1279997.7138999938
2019-08-21,1277171.5081999938
2019-08-22,1277878.2210999937
2019-08-23,1280700.0942999935
2019-08-26,1267118.1494999935
2019-08-27,1272601.6210999936
2019-08-28,1273072.6919999935
2019-08-29,1273618.0787999937
2019-08-30,1281393.8106999937
2019-09-02,1278425.583599994
2019-09-03,1279898.0470999938
2019-09-04,1279489.209999994
2019-09-05,1293430.6132999938
2019-09-06,1296859.2178999938
2019-09-09,1301515.1615999937
2019-09-10,1305606.0512999939
2019-09-11,1315275.526299994
2019-09-12,1321505.563299994
2019-09-13,1328243.706899994
2019-09-17,1329101.698999994
2019-09-18,1327246.726099994
2019-09-19,1330477.002299994
2019-09-20,1330724.8238999941
2019-09-24,1332346.5151999942
2019-09-25,1330964.661099994
2019-09-26,1332944.8346999942
2019-09-27,1331926.814699994
2019-09-30,1326236.0483999941
2019-10-01,1330995.7387999943
2019-10-02,1328102.5829999943
2019-10-03,1313322.2841999943
2019-10-04,1315570.1781999944
2019-10-07,1314269.4018999944
2019-10-08,1320359.9864999943
2019-10-09,1316807.169599994
2019-10-10,1319231.783899994
2019-10-11,1327751.518699994
2019-10-15,1340740.354199994
2019-10-16,1348728.1236999938
2019-10-17,1346297.9786999938
2019-10-18,1348185.4661999939
2019-10-21,1350041.6075999937
2019-10-23,1355010.345699994
2019-10-24,1360078.420399994
2019-10-25,1361686.0488999938
2019-10-28,1363554.7376999937
2019-10-29,1367349.2185999937
2019-10-30,1363307.9206999938
2019-10-31,1363280.1681999937
2019-11-01,1360921.0276999937
2019-11-05,1373372.6765999938
2019-11-06,1375608.083899994
2019-11-07,1375968.1239999938
2019-11-08,1376945.8358999938
2019-11-11,1375461.9723999938
2019-11-12,1379999.5200999938
2019-11-13,1373715.4145999937
2019-11-14,1367098.2087999936
2019-11-15,1372488.4737999935
2019-11-18,1373856.5031999936
2019-11-19,1369990.8344999936
2019-11-20,1365759.0985999936
2019-11-21,1362321.6992999935
2019-11-22,1364075.0840999936
2019-11-25,1370727.4159999937
2019-11-26,1372610.4971999936
2019-11-27,1375170.9690999936
2019-11-28,1373539.6811999937
2019-11-29,1369377.2229999935
2019-12-02,1377341.8263999936
2019-12-03,1371656.3249999937
2019-12-04,1364871.5460999939
2019-12-05,1370611.493699994
2019-12-06,1372358.027099994
2019-12-09,1376378.5312999939
2019-12-10,1374012.1401999937
2019-12-11,1372985.7818999938
2019-12-12,1373841.0400999938
2019-12-13,1392288.1212999937
2019-12-16,1389092.373899994
2019-12-17,1391257.9760999938
2019-12-18,1386709.2272999939
2019-12-19,1383267.8975999937
2019-12-20,1382398.672399994
2019-12-23,1380491.876099994
2019-12-24,1380435.5068999939
2019-12-25,1377631.738499994
2019-12-26,1382617.939399994
2019-12-27,1382250.5790999942
2019-12-30,1375994.3328999942
2020-01-06,1362124.6390999944
2020-01-07,1373461.7201999943
