date,pnl
2013-01-29,0.0
2013-01-30,6903.140300000086
2013-01-31,1576.471099999966
2013-02-01,977.7872999999672
2013-02-04,4794.8906000000425
2013-02-05,-6967.00569999998
2013-02-06,12227.115099999937
2013-02-07,-737.4621999999508
2013-02-08,-6280.002499999944
2013-02-12,5186.260099999956
2013-02-13,-4459.9059000000125
2013-02-14,1548.3877999999095
2013-02-15,-5116.06259999983
2013-02-18,8273.195599999977
2013-02-19,-71.47920000005979
2013-02-20,3164.828300000052
2013-02-21,-4728.09300000011
2013-02-22,1941.8044000000227
2013-02-25,8586.344500000007
2013-02-26,-7158.429000000004
2013-02-27,-3879.3761999999406
2013-02-28,8847.012699999963
2013-03-01,2131.123700000113
2013-03-04,1790.7155999998795
2013-03-05,-108.05819999997038
2013-03-06,7066.838600000017
2013-03-07,380.8735999999335
2013-03-08,9259.9081
2013-03-11,3983.5870000000577
2013-03-12,-2368.6414999999106
2013-03-13,-1775.9464000001317
2013-03-14,3514.328300000052
2013-03-15,5646.732599999988
2013-03-18,-10366.986999999965
2013-03-19,8119.004900000058
2013-03-21,4280.523399999831
2013-03-22,-8560.624099999899
2013-03-25,5123.75680000009
2013-03-26,-2655.7099999999627
2013-03-27,1682.1143000000156
2013-03-28,-5836.041399999987
2013-03-29,1791.324900000007
2013-04-01,-10410.261599999969
2013-04-02,-3973.726400000043
2013-04-03,9231.156399999978
2013-04-04,8110.446900000097
2013-04-05,6916.309899999993
2013-04-08,12616.98459999985
2013-04-09,834.3714000000618
2013-04-10,5640.337199999951
2013-04-11,8150.976000000024
2013-04-12,-924.2674000000115
2013-04-15,-6289.123000000138
2013-04-16,-3342.243299999973
2013-04-17,5160.663399999961
2013-04-18,-5228.749599999981
2013-04-19,2956.8240999998525
2013-04-22,7736.130700000096
2013-04-23,-608.7047000001185
2013-04-24,8462.441099999938
2013-04-25,2523.2717999999877
2013-04-26,-2590.0790999999736
2013-04-30,-522.1606999998912
2013-05-01,-1349.0871999999508
2013-05-02,-3005.566700000083
2013-05-07,15201.924100000178
2013-05-08,3447.097000000067
2013-05-09,-4439.551399999997
2013-05-10,11541.860700000077
2013-05-13,6569.536399999866
2013-05-14,-592.0759999998845
2013-05-15,7429.961000000127
2013-05-16,-2351.8893999999855
2013-05-17,5606.496999999974
2013-05-20,9325.91090000025
2013-05-21,4559.426999999909
2013-05-22,6793.508300000103
2013-05-23,-36987.9421000001
2013-05-24,3915.4574000001885
2013-05-27,-16315.378100000089
2013-05-28,4935.858900000108
2013-05-29,1014.4756999998353
2013-05-30,-22267.113400000148
2013-05-31,2926.9182000001892
2013-06-03,-17009.066399999894
2013-06-04,9444.509399999864
2013-06-05,-16582.226800000062
2013-06-06,-5267.824600000167
2013-06-07,-2040.473600000143
2013-06-10,19254.511400000192
2013-06-11,-6730.7332999999635
2013-06-12,86.59129999997094
2013-06-13,-23838.5037
2013-06-14,6463.315900000045
2013-06-17,11493.690500000026
2013-06-18,-723.468899999978
2013-06-19,7246.452900000149
2013-06-20,-6195.6414000000805
2013-06-21,4131.841800000053
2013-06-24,-4527.866400000174
2013-06-25,-3132.4601000000257
2013-06-26,-4491.147799999919
2013-06-27,10555.850299999816
2013-06-28,14414.727500000037
2013-07-01,7115.874100000132
2013-07-02,8061.805299999891
2013-07-03,-789.0814000000246
2013-07-04,-598.213099999819
2013-07-05,9118.217299999902
2013-07-08,-5630.411300000036
2013-07-09,10620.540400000056
2013-07-10,-2184.5215000000317
2013-07-11,1733.5467000000644
2013-07-12,2643.531300000148
2013-07-16,3062.622999999905
2013-07-17,1238.6965999999084
2013-07-18,4624.777100000065
2013-07-19,-7240.907500000205
2013-07-22,1572.9410999999382
2013-07-23,2378.3312999999616
2013-07-24,-2275.845399999991
2013-07-25,-5158.935599999968
2013-07-26,-13401.524399999995
2013-07-29,-14807.941300000064
2013-07-30,8293.620799999917
2013-07-31,-7383.332799999975
2013-08-01,9148.977200000081
2013-08-02,14257.459299999988
2013-08-05,-5687.332699999912
2013-08-06,4924.145599999931
2013-08-07,-17361.13009999995
2013-08-08,-6469.6119000001345
2013-08-09,1252.8532000000123
2013-08-12,-2311.6720000000205
2013-08-13,10203.393699999899
2013-08-14,5746.896199999843
2013-08-15,-7704.161599999992
2013-08-16,-3568.469799999846
2013-08-19,3174.9529999999795
2013-08-20,-10749.636900000041
2013-08-21,-251.28879999998026
2013-08-22,-2137.9290000000037
2013-08-23,8841.95390000008
2013-08-26,-656.9233000001404
2013-08-27,-2944.030799999833
2013-08-28,-6563.3009000001475
2013-08-29,3423.5156000000425
2013-08-30,-2811.313199999975
2013-09-02,5615.320999999996
2013-09-03,12480.647699999856
2013-09-04,2843.317199999932
2013-09-05,724.034200000111
2013-09-06,-6110.466599999927
2013-09-09,12117.857300000032
2013-09-10,7942.910299999872
2013-09-11,-1409.660200000042
2013-09-12,-941.6700000001583
2013-09-13,50.47050000005402
2013-09-17,-789.4756000000052
2013-09-18,5348.419100000057
2013-09-19,9448.880099999951
2013-09-20,-253.20790000003763
2013-09-24,-998.9653000000399
2013-09-25,-3927.2971999999136
2013-09-26,7995.561999999918
2013-09-27,-1265.559499999974
2013-09-30,-9348.853600000031
2013-10-01,-627.3090999999549
2013-10-02,-11785.52509999997
2013-10-03,-1306.5583000001498
2013-10-04,-3963.5830999999307
2013-10-07,-6977.664400000125
2013-10-08,1949.6768000000156
2013-10-09,7222.0168000000995
2013-10-10,3962.622699999949
2013-10-11,7448.68740000017
2013-10-15,460.6707999999635
2013-10-16,173.15849999990314
2013-10-17,4253.277600000147
2013-10-18,364.9118999999482
2013-10-21,3369.3286999999546
2013-10-22,170.31710000010207
2013-10-23,-9002.48589999997
2013-10-24,2022.532300000079
2013-10-25,-11290.59120000014
2013-10-28,9238.103800000157
2013-10-29,-1823.2266000001691
2013-10-30,4509.598900000099
2013-10-31,-6433.4195999999065
2013-11-01,-4955.162699999986
2013-11-05,-224.34799999999814
2013-11-06,4327.707900000038
2013-11-07,-3859.5438000001013
2013-11-08,-4196.337499999907
2013-11-11,4239.417200000025
2013-11-12,9171.132999999914
2013-11-13,12.19980000006035
2013-11-14,8293.577000000048
2013-11-15,9180.80429999996
2013-11-18,94.8511999999173
2013-11-19,-1732.2253000000492
2013-11-20,-1702.8648999999277
2013-11-21,6893.152400000021
2013-11-22,215.59580000001006
2013-11-25,5359.301199999871
2013-11-26,-2544.2043999999296
2013-11-27,-1434.7426000002306
2013-11-28,7741.976800000062
2013-11-29,-1134.9293000001926
2013-12-02,591.8200000000652
2013-12-03,1800.4913000001106
2013-12-04,-9854.222899999935
2013-12-05,-7777.185300000012
2013-12-06,3783.059600000037
2013-12-09,9907.999100000132
2013-12-10,-897.5999000000302
2013-12-11,-3347.936999999918
2013-12-12,-4557.769799999893
2013-12-13,1328.8637000001036
2013-12-16,-7155.762700000079
2013-12-17,4397.052799999947
2013-12-18,8865.435700000031
2013-12-19,7147.857199999969
2013-12-20,882.1631000000052
2013-12-24,-40.62609999999404
2013-12-25,2671.0104000000283
2013-12-26,6498.33629999985
2013-12-27,1324.3316000001505
2013-12-30,4011.93200000003
2014-01-06,-9020.66969999997
2014-01-07,-3548.623800000176
2014-01-08,10016.669400000013
2014-01-09,-5962.586600000039
2014-01-10,1176.5751999998465
2014-01-14,-14339.743600000162
2014-01-15,12960.255600000033
2014-01-16,-1292.3157999999821
2014-01-17,453.12650000001304
2014-01-20,-2078.619299999904
2014-01-21,2777.533900000155
2014-01-22,1015.8371999999508
2014-01-23,-4189.044600000139
2014-01-24,-9241.499799999874
2014-01-27,-13498.093499999959
2014-01-28,-543.5054999999702
2014-01-29,13741.444699999876
2014-01-30,-12041.058900000062
2014-01-31,-2718.532899999991
2014-02-03,-8512.436900000088
2014-02-04,-22847.4038999998
2014-02-05,7640.176900000079
2014-02-06,-1319.4793000000063
2014-02-07,10941.874399999855
2014-02-10,5779.20570000005
2014-02-12,4082.562299999874
2014-02-13,-8639.605200000107
2014-02-14,-7784.006399999838
2014-02-17,3817.9161000000313
2014-02-18,13453.293999999994
2014-02-19,-2001.2345999998506
2014-02-20,-10547.50009999983
2014-02-21,12341.620799999917
2014-02-24,-1796.65559999994
2014-02-25,5955.681299999822
2014-02-26,-2345.814299999969
2014-02-27,-1611.3262000000104
2014-02-28,-2286.876500000013
2014-03-03,-5506.81389999995
2014-03-04,2222.2382999998517
2014-03-05,5158.3634000001475
2014-03-06,6142.927099999972
2014-03-07,4259.6974999997765
2014-03-10,-4155.979800000088
2014-03-11,2265.217299999902
2014-03-12,-11515.182899999898
2014-03-13,-1272.5970999998972
2014-03-14,-15455.052600000054
2014-03-17,-3396.062000000151
2014-03-18,3818.2454000001308
2014-03-19,275.82629999984056
2014-03-20,-8166.235400000121
2014-03-24,7946.857400000095
2014-03-25,-655.3813999998383
2014-03-26,2438.6970999999903
2014-03-27,8148.759899999946
2014-03-28,3695.374400000088
2014-03-31,4638.096699999878
2014-04-01,-388.7302999999374
2014-04-02,4541.288399999961
2014-04-03,3268.689299999969
2014-04-04,958.4621000001207
2014-04-07,-7092.741500000004
2014-04-08,-6138.510300000198
2014-04-09,-9993.991299999878
2014-04-10,638.4712999998592
2014-04-11,-8924.293899999931
2014-04-14,-1815.944000000134
2014-04-15,1855.7064999998547
2014-04-16,12004.865100000054
2014-04-17,401.9073999999091
2014-04-18,3142.5719999999274
2014-04-21,-470.6191000000108
2014-04-22,-4514.2957999999635
2014-04-23,4542.638799999841
2014-04-24,-3600.533499999903
2014-04-25,1282.1444000001065
2014-04-28,-3985.2975000001024
2014-04-30,-198.12829999998212
2014-05-01,5935.36670000013
2014-05-02,-843.3075000001118
2014-05-07,-12824.128900000127
2014-05-08,4132.661199999973
2014-05-09,2673.539400000125
2014-05-12,-1961.0041000000201
2014-05-13,8353.70530000003
2014-05-14,-139.16310000000522
2014-05-15,-2198.685999999987
2014-05-16,-6540.6404999999795
2014-05-19,-2617.590000000084
2014-05-20,2505.66100000008
2014-05-21,-1335.1363000001293
2014-05-22,8578.028099999996
2014-05-23,3396.1425000000745
2014-05-26,4695.024999999907
2014-05-27,956.9314999999478
2014-05-28,999.9762999999803
2014-05-29,339.37659999984317
2014-05-30,-2169.3196999998763
2014-06-02,9815.843799999915
2014-06-03,3083.3960000001825
2014-06-04,788.6932999999262
2014-06-05,-91.59849999984726
2014-06-06,1369.2338999998756
2014-06-09,1166.8125999998301
2014-06-10,-2958.723300000187
2014-06-11,2959.343600000255
2014-06-12,-2518.7434000000358
2014-06-13,3237.7132000001147
2014-06-16,-4980.591299999971
2014-06-17,1046.715599999996
2014-06-18,4253.0777000000235
2014-06-19,8312.915999999968
2014-06-20,-195.4676000000909
2014-06-23,1098.7079000000376
2014-06-24,486.8802999998443
2014-06-25,-3095.4898999999277
2014-06-26,1657.9144999999553
2014-06-27,-6762.855500000063
2014-06-30,3304.4167999997735
2014-07-01,5479.757800000021
2014-07-02,1160.1384000000544
2014-07-03,23.20479999994859
2014-07-04,3288.9158999999054
2014-07-07,-1731.3610999998637
2014-07-08,-1545.8001000001095
2014-07-09,-1106.6161999998149
2014-07-10,-2901.280199999921
2014-07-11,-1857.3289999999106
2014-07-14,3515.504299999913
2014-07-15,3152.006000000052
2014-07-16,-728.9964000000618
2014-07-17,173.9265000000596
2014-07-18,-4323.8289000000805
2014-07-22,4864.547599999933
2014-07-23,157.14489999995567
2014-07-24,-1275.5504000000656
2014-07-25,5503.284100000048
2014-07-28,2216.598400000017
2014-07-29,2090.5094999999274
2014-07-30,71.01619999995455
2014-07-31,-125.75420000008307
2014-08-01,-3904.402000000002
2014-08-04,-1291.0608000000939
2014-08-05,-6438.541399999987
2014-08-06,-5753.3570999999065
2014-08-07,2238.7667999998666
2014-08-08,-14149.708300000057
2014-08-11,10377.08309999993
2014-08-12,1503.185700000031
2014-08-13,2374.216500000097
2014-08-14,3340.838400000008
2014-08-15,328.5058999999892
2014-08-18,-270.10389999998733
2014-08-19,4609.439500000095
2014-08-20,-542.4920999999158
2014-08-21,3877.7612999998964
2014-08-22,-1693.4476999999024
2014-08-25,2212.3219999999274
2014-08-26,-2481.2306000001263
2014-08-27,812.6831000000238
2014-08-28,-2386.6090000001714
2014-08-29,-1757.8066000000108
2014-09-01,2123.6643999998923
2014-09-02,5958.828699999955
2014-09-03,1627.8911999999546
2014-09-04,-2195.8544999998994
2014-09-05,-726.3892000000924
2014-09-08,1375.8218000000343
2014-09-09,-523.9077999999281
2014-09-10,1441.1051000000443
2014-09-11,2480.412299999967
2014-09-12,347.6901000000071
2014-09-16,-2511.535300000105
2014-09-17,-1825.151799999876
2014-09-18,5543.814100000076
2014-09-19,7325.044100000057
2014-09-22,-1849.3179999999702
2014-09-24,-963.7132000001147
2014-09-25,7065.232400000095
2014-09-26,-1769.1351000000723
2014-09-29,2540.0859000000637
2014-09-30,-4615.404600000009
2014-10-01,-2950.2998999999836
2014-10-02,-14085.277699999977
2014-10-03,1561.8633999999147
2014-10-06,5942.910999999847
2014-10-07,-4115.156899999827
2014-10-08,-5742.4569000001065
2014-10-09,-4703.806799999904
2014-10-10,-6034.794400000013
2014-10-14,-11156.865100000054
2014-10-15,4326.020599999931
2014-10-16,-11532.93029999989
2014-10-17,-6246.981800000183
2014-10-20,17757.859799999977
2014-10-21,-9804.20120000001
2014-10-22,12702.872800000012
2014-10-23,-1342.2373000001535
2014-10-24,4320.764100000029
2014-10-27,3741.473100000061
2014-10-28,-2156.9872999999207
2014-10-29,7865.039499999955
2014-10-30,2874.0785999998916
2014-10-31,22738.116000000155
2014-11-04,12964.700100000016
2014-11-05,3283.6318999999203
2014-11-06,-5582.541800000006
2014-11-07,2814.3307999998797
2014-11-10,-1228.0696000000462
2014-11-11,8534.701799999923
2014-11-12,1530.5748999998905
2014-11-13,4862.958000000101
2014-11-14,3594.930999999866
2014-11-17,-16267.06939999992
2014-11-18,11666.47259999998
2014-11-19,17.6003999998793
2014-11-20,912.7801000000909
2014-11-21,2230.752100000158
2014-11-25,2556.054899999872
2014-11-26,-373.68640000000596
2014-11-27,-4977.861400000285
2014-11-28,7142.748400000157
2014-12-01,4278.099299999885
2014-12-02,2508.5138000000734
2014-12-03,1748.6123000001535
2014-12-04,5155.22219999996
2014-12-05,1152.2065000000875
2014-12-08,777.4255999999586
2014-12-09,-3877.6070000000764
2014-12-10,-12587.652599999914
2014-12-11,-3853.3903999999166
2014-12-12,2662.587499999907
2014-12-15,-8140.733000000007
2014-12-16,-10308.706999999937
2014-12-17,1421.3259000000544
2014-12-18,12649.882800000021
2014-12-19,12632.48999999999
2014-12-22,829.8279000001494
2014-12-24,6464.425599999959
2014-12-25,-1870.7586000000592
2014-12-26,1885.966899999883
2014-12-29,-2036.9193000001833
2014-12-30,-7555.644599999767
2015-01-05,-1106.8596000000834
2015-01-06,-17091.716099999845
2015-01-07,-207.1510999999009
2015-01-08,8870.465400000103
2015-01-09,-452.05120000010356
2015-01-13,-3474.4871000000276
2015-01-14,-8379.652100000065
2015-01-15,8968.042300000088
2015-01-16,-6940.943200000096
2015-01-19,4301.4575000002515
2015-01-20,10586.907999999821
2015-01-21,-3238.964300000109
2015-01-22,932.3618000000715
2015-01-23,5796.033700000029
2015-01-26,-997.3863999999594
2015-01-27,10073.471600000048
2015-01-28,1915.4915999998339
2015-01-29,-5219.84850000008
2015-01-30,2406.905900000129
2015-02-02,-2377.8529000000563
2015-02-03,-6767.567799999844
2015-02-04,10753.150200000033
2015-02-05,-5565.424999999814
2015-02-06,3463.6659999999683
2015-02-09,2601.127399999881
2015-02-10,-1055.8015999998897
2015-02-12,9991.514500000048
2015-02-13,-2097.971400000155
2015-02-16,3278.9572999998927
2015-02-17,1123.2654999999795
2015-02-18,6934.882899999851
2015-02-19,2969.19560000021
2015-02-20,2129.3902000000235
2015-02-23,4250.311999999918
2015-02-24,3989.912299999967
2015-02-25,-1777.6954000000842
2015-02-26,6222.191200000234
2015-02-27,438.91769999987446
2015-03-02,837.8330000001006
2015-03-03,-545.4007000001147
2015-03-04,-3882.508700000122
2015-03-05,1749.9827999998815
2015-03-06,6287.754600000102
2015-03-09,-4448.031099999789
2015-03-10,-3468.3599000000395
2015-03-11,1494.7963000000454
2015-03-12,8070.269300000044
2015-03-13,7208.2351999999955
2015-03-16,-453.4795999999624
2015-03-17,4996.021999999881
2015-03-18,3702.118799999822
2015-03-19,-2485.9526999997906
2015-03-20,2424.3824000000022
2015-03-23,5886.386799999978
2015-03-24,-1079.217100000009
2015-03-25,1904.527199999895
2015-03-26,-9199.513899999904
2015-03-27,-2729.6417000002693
2015-03-30,2742.2025000001304
2015-03-31,-7918.879900000058
2015-04-01,-4408.49589999998
2015-04-02,8737.748499999987
2015-04-03,3431.5100000000093
2015-04-06,-1816.9009000000078
2015-04-07,8086.494699999923
2015-04-08,4317.213200000115
2015-04-09,2812.717699999921
2015-04-10,-1727.4544999999925
2015-04-13,-1387.971700000111
2015-04-14,1061.4640000001527
2015-04-15,-710.5550999999978
2015-04-16,2065.407000000123
2015-04-17,-5881.731099999975
2015-04-20,-1009.3333999998868
2015-04-21,7959.763799999841
2015-04-22,5815.867199999979
2015-04-23,2436.0784000002313
2015-04-24,-3938.7113000000827
2015-04-27,-1053.6707999999635
2015-04-28,3049.9402999999
2015-04-30,-14643.836899999995
2015-05-01,-2246.849500000011
2015-05-07,-4915.431299999822
2015-05-08,4018.747999999905
2015-05-11,5789.0804000000935
2015-05-12,2277.848000000231
2015-05-13,4631.898699999787
2015-05-14,-6164.212600000203
2015-05-15,4227.163300000131
2015-05-18,5648.970100000035
2015-05-19,4047.2108000000007
2015-05-20,4679.922900000121
2015-05-21,562.6607999999542
2015-05-22,1647.8128000001889
2015-05-25,4748.756599999964
2015-05-26,1211.587599999737
2015-05-27,915.5725000002421
2015-05-28,3142.6736999999266
2015-05-29,575.9743000001181
2015-06-01,1228.6524000000209
2015-06-02,-1431.375599999912
2015-06-03,-1737.717900000047
2015-06-04,1044.5981999998912
2015-06-05,-779.8928999998607
2015-06-08,211.29300000006333
2015-06-09,-11857.74540000013
2015-06-10,-2376.464799999958
2015-06-11,11841.968499999959
2015-06-12,-975.8382999999449
2015-06-15,-810.2612000000663
2015-06-16,-4419.212999999989
2015-06-17,-2854.1738999998197
2015-06-18,-7667.842700000154
2015-06-19,5734.867300000042
2015-06-22,7043.636299999896
2015-06-23,11890.042300000088
2015-06-24,1986.9819000000134
2015-06-25,-2598.6059000000823
2015-06-26,-2151.6456000001635
2015-06-29,-18407.5858
2015-06-30,3047.3554999998305
2015-07-01,2897.3866000000853
2015-07-02,5381.853099999949
2015-07-03,-23.43390000006184
2015-07-06,-13754.93759999983
2015-07-07,8075.70250000013
2015-07-08,-21218.731099999975
2015-07-09,2039.558799999766
2015-07-10,-1707.6698999996297
2015-07-13,10736.242699999828
2015-07-14,10102.840299999807
2015-07-15,2080.286400000099
2015-07-16,3889.3253000001423
2015-07-17,1213.6020999997854
2015-07-21,6162.404099999927
2015-07-22,-6626.258900000015
2015-07-23,2090.654300000053
2015-07-24,-5719.059899999993
2015-07-27,-6548.281299999915
2015-07-28,-1382.2062999999616
2015-07-29,-517.127300000051
2015-07-30,7611.540999999968
2015-07-31,3292.3625000000466
2015-08-03,-2995.841299999971
2015-08-04,-1156.5111000000034
2015-08-05,2501.1127000001725
2015-08-06,2617.6491000000387
2015-08-07,1768.5748999998905
2015-08-10,2105.209799999837
2015-08-11,-2188.52509999997
2015-08-12,-10451.456000000006
2015-08-13,6370.743400000036
2015-08-14,-3154.0773000000045
2015-08-17,4030.540500000119
2015-08-18,-1805.0508999999147
2015-08-19,-9963.886100000003
2015-08-20,-7238.012000000104
2015-08-21,-19672.665899999905
2015-08-24,-31432.12089999998
2015-08-25,-23437.095999999903
2015-08-26,18577.38860000018
2015-08-27,6209.68069999991
2015-08-28,18874.561900000088
2015-08-31,-7494.123200000031
2015-09-01,-22575.0456999999
2015-09-02,-3819.748199999798
2015-09-03,2657.1973999999464
2015-09-04,-11474.114199999953
2015-09-07,1055.932799999835
2015-09-08,-11934.5419999999
2015-09-09,38596.09739999985
2015-09-10,-12397.305399999954
2015-09-11,-653.1995000001043
2015-09-14,-6525.414400000125
2015-09-15,2023.1118000000715
2015-09-16,4077.1352999999654
2015-09-17,7744.931400000118
2015-09-18,-13817.279099999927
2015-09-24,-15231.844800000079
2015-09-25,10444.60670000012
2015-09-28,-2767.1981999999844
2015-09-29,-22338.51860000007
2015-09-30,12943.234600000083
2015-10-01,8117.586600000039
2015-10-02,830.1004999999423
2015-10-05,9041.788200000068
2015-10-06,5629.821899999864
2015-10-07,7031.171800000127
2015-10-08,-4771.592300000135
2015-10-09,11675.822600000072
2015-10-13,-3972.5443000001833
2015-10-14,-12016.63329999987
2015-10-15,6271.040700000012
2015-10-16,6395.779499999946
2015-10-19,-4692.245099999942
2015-10-20,932.8675999999978
2015-10-21,12181.447900000028
2015-10-22,-3323.6735000000335
2015-10-23,12333.357899999944
2015-10-26,3762.2010999999475
2015-10-27,-6479.783599999966
2015-10-28,2717.905399999814
2015-10-29,470.27960000000894
2015-10-30,4408.140799999936
2015-11-02,-14416.685799999861
2015-11-04,5715.110499999952
2015-11-05,7122.958600000013
2015-11-06,3669.7016000000294
2015-11-09,9627.918199999956
2015-11-10,138.64459999999963
2015-11-11,1419.1807999999728
2015-11-12,9.298700000159442
2015-11-13,-3144.5463000000454
2015-11-16,-6573.167100000195
2015-11-17,8063.119200000074
2015-11-18,43.51560000004247
2015-11-19,7343.752100000158
2015-11-20,746.7949999999255
2015-11-24,1881.0671999999322
2015-11-25,-3039.685899999924
2015-11-26,2893.93610000005
2015-11-27,-2277.1153000001796
2015-11-30,-5791.332900000038
2015-12-01,8342.285799999954
2015-12-02,-2722.906599999871
2015-12-03,-467.4912000000477
2015-12-04,-12230.614499999909
2015-12-07,5956.8973999999
2015-12-08,-6721.962099999888
2015-12-09,-6202.601999999955
2015-12-10,-7401.594800000079
2015-12-11,4637.996700000018
2015-12-14,-9909.348600000143
2015-12-15,-10454.98359999992
2015-12-16,14121.844000000041
2015-12-17,9973.902599999914
2015-12-18,-12317.842800000217
2015-12-21,-1870.2149000000209
2015-12-22,67.34310000017285
2015-12-24,-2926.410099999979
2015-12-25,-2155.2356000002474
2015-12-28,6667.344100000337
2015-12-29,3547.652499999851
2015-12-30,1528.8566999998875
2016-01-04,-17235.549899999984
2016-01-05,-1799.2893999998923
2016-01-06,-6135.392699999968
2016-01-07,-13767.390999999829
2016-01-08,-2514.2934000000823
2016-01-12,-16932.792799999937
2016-01-13,16349.103300000075
2016-01-14,-14424.544500000076
2016-01-15,-2408.1769000000786
2016-01-18,-5177.101099999854
2016-01-19,3031.494900000049
2016-01-20,-20956.032100000186
2016-01-21,-12877.384199999971
2016-01-22,29739.349799999967
2016-01-25,5316.236700000009
2016-01-26,-13074.878400000045
2016-01-27,14476.42889999994
2016-01-28,-4328.647299999837
2016-01-29,15605.414499999955
2016-02-01,8537.556700000074
2016-02-02,-5701.243699999992
2016-02-03,-17792.358000000007
2016-02-04,-4493.19709999999
2016-02-05,-7521.947500000242
2016-02-08,4624.7639999999665
2016-02-09,-28358.74130000011
2016-02-10,-13851.634499999927
2016-02-12,-24037.009499999927
2016-02-15,35097.42470000009
2016-02-16,-796.4982000000309
2016-02-17,-8127.426800000016
2016-02-18,12040.4393999998
2016-02-19,-6387.651399999857
2016-02-22,4409.63730000006
2016-02-23,-1330.9007000001147
2016-02-24,-4180.135299999965
2016-02-25,8401.423999999883
2016-02-26,698.3064999999478
2016-02-29,-6757.692499999888
2016-03-01,1414.0216000000946
2016-03-02,19868.322600000072
2016-03-03,7200.648000000045
2016-03-04,3564.9887000001036
2016-03-07,-2782.8034000000916
2016-03-08,-5064.222400000086
2016-03-09,-7198.22639999981
2016-03-10,7274.844199999934
2016-03-11,2953.027999999933
2016-03-14,9565.101100000087
2016-03-15,-4186.59309999994
2016-03-16,-4087.538100000005
2016-03-17,-1631.3260000001173
2016-03-18,-5101.269300000044
2016-03-22,9766.022400000133
2016-03-23,-1308.438400000101
2016-03-24,-4360.378499999875
2016-03-25,4132.180399999954
2016-03-28,5358.700100000016
2016-03-29,2725.5096999998204
2016-03-30,-8704.79330000002
2016-03-31,-3166.1026999999303
2016-04-01,-19879.911800000118
2016-04-04,-55.346600000048056
2016-04-05,-14304.320099999895
2016-04-06,-505.47259999997914
2016-04-07,286.4806000001263
2016-04-08,3606.966100000078
2016-04-11,-1176.4215000001714
2016-04-12,6991.296500000171
2016-04-13,13541.726499999873
2016-04-14,17511.109300000127
2016-04-15,-2422.654099999927
2016-04-18,-16762.08939999994
2016-04-19,18829.649899999844
2016-04-20,795.9756000000052
2016-04-21,12761.811200000113
2016-04-22,6017.706899999874
2016-04-25,-3182.0537000000477
2016-04-26,-3921.150799999945
2016-04-27,-1591.590899999952
2016-04-28,-19762.30480000004
2016-05-02,-17493.874100000132
2016-05-06,-1534.0890000001527
2016-05-09,3624.341800000053
2016-05-10,9837.7267
2016-05-11,-305.97500000009313
2016-05-12,4070.878299999982
2016-05-13,-7044.574200000148
2016-05-16,1193.6348000001162
2016-05-17,6921.867099999916
2016-05-18,1408.1462000000756
2016-05-19,-379.53630000003614
2016-05-20,2614.6121999998577
2016-05-23,-2390.8229000000283
2016-05-24,-5558.353000000119
2016-05-25,7806.973600000143
2016-05-26,1398.3503999998793
2016-05-27,2601.2952000000514
2016-05-30,6938.6122000000905
2016-05-31,5316.324400000041
2016-06-01,-9221.882599999895
2016-06-02,-12886.880500000203
2016-06-03,2676.6149999999907
2016-06-06,-1741.468499999959
2016-06-07,4216.132099999813
2016-06-08,4992.245099999942
2016-06-09,-5322.475500000175
2016-06-10,-3002.1758999999147
2016-06-13,-18587.63910000003
2016-06-14,-4534.474599999841
2016-06-15,1897.3847999998834
2016-06-16,-15182.104300000006
2016-06-17,4344.420099999988
2016-06-20,12815.780200000154
2016-06-21,4869.521299999906
2016-06-22,-4631.4240000001155
2016-06-23,6653.04879999999
2016-06-24,-39870.958700000076
2016-06-27,9523.785499999998
2016-06-28,368.65070000011474
2016-06-29,8382.562799999956
2016-06-30,840.314800000051
2016-07-01,2835.8859000001103
2016-07-04,3044.0226000000257
2016-07-05,-2570.3263000000734
2016-07-06,-8820.92519999994
2016-07-07,-2451.433999999892
2016-07-08,-5776.433900000062
2016-07-11,19656.967300000135
2016-07-12,11004.189800000051
2016-07-13,4885.597699999809
2016-07-14,4947.378499999875
2016-07-15,4485.504200000083
2016-07-19,8773.75720000011
2016-07-20,-1550.2025999999605
2016-07-21,4340.620099999942
2016-07-22,-6159.5851000002585
2016-07-25,158.8047000002116
2016-07-26,-8589.372900000075
2016-07-27,8979.683500000043
2016-07-28,-6000.594500000123
2016-07-29,3847.2623000000603
2016-08-01,-2802.6711000001524
2016-08-02,-8866.520199999912
2016-08-03,-12549.42389999982
2016-08-04,6980.704099999974
2016-08-05,-1855.6451999999117
2016-08-08,13020.265899999999
2016-08-09,2633.2929000000004
2016-08-10,-1286.5257999999449
2016-08-12,5055.208899999969
2016-08-15,-3581.566799999913
2016-08-16,-7728.474600000074
2016-08-17,4805.620499999961
2016-08-18,-6722.49869999988
2016-08-19,3268.9819000000134
2016-08-22,2499.812299999874
2016-08-23,-3755.347300000023
2016-08-24,3466.9270999999717
2016-08-25,-1398.5148000000045
2016-08-26,-5709.342700000154
2016-08-29,11467.111900000134
2016-08-30,-42.00540000014007
2016-08-31,6832.510600000154
2016-09-01,631.1034999999683
2016-09-02,603.9897999998648
2016-09-05,4171.996900000144
2016-09-06,2175.3245000001043
2016-09-07,-2738.031799999997
2016-09-08,-1486.1772000000346
2016-09-09,676.6404000001494
2016-09-12,-8894.926900000079
2016-09-13,901.9866000001784
2016-09-14,-2781.0253000000957
2016-09-15,-5897.7937999998685
2016-09-16,4184.743599999929
2016-09-20,-882.7567999998573
2016-09-21,11370.852199999848
2016-09-23,-1920.8137999998871
2016-09-26,-7293.525799999945
2016-09-27,5203.857700000051
2016-09-28,-3468.0141000000294
2016-09-29,7158.335699999938
2016-09-30,-7937.116699999897
2016-10-03,2239.527199999662
2016-10-04,4369.588500000071
2016-10-05,2687.284400000004
2016-10-06,3192.7088999999687
2016-10-07,-293.6603999999352
2016-10-11,3587.3883999998216
2016-10-12,-5684.451299999841
2016-10-13,-1733.7346000000834
2016-10-14,1827.372599999886
2016-10-17,1956.1814999999478
2016-10-18,2666.907499999972
2016-10-19,835.7328999999445
2016-10-20,7459.2947999998
2016-10-21,-1000.5020999999251
2016-10-24,1816.0139999999665
2016-10-25,4097.037299999967
2016-10-26,1222.4302000000607
2016-10-27,-563.811800000025
2016-10-28,3406.720199999865
2016-10-31,-109.17649999982677
2016-11-01,866.5855999998748
2016-11-02,-9460.966199999908
2016-11-04,-6030.638500000117
2016-11-07,8397.957599999849
2016-11-08,-1073.2249999998603
2016-11-09,-28346.873000000138
2016-11-10,34060.277500000084
2016-11-11,3019.223400000017
2016-11-14,10223.355399999768
2016-11-15,-314.9480999999214
2016-11-16,6992.353799999924
2016-11-17,138.63189999992028
2016-11-18,4815.668599999975
2016-11-21,3403.0756999999285
2016-11-22,2418.4156999997795
2016-11-24,5957.992000000086
2016-11-25,1729.6720000000205
2016-11-28,157.51719999988563
2016-11-29,-1357.0061999999452
2016-11-30,53.44520000019111
2016-12-01,6596.243999999948
2016-12-02,-2192.2436000001617
2016-12-05,-4051.2246999999043
2016-12-06,4480.844199999934
2016-12-07,5142.454299999867
2016-12-08,8980.144999999786
2016-12-09,7667.987900000298
2016-12-12,3298.7415000000037
2016-12-13,1772.7708000000566
2016-12-14,-574.5953000001609
2016-12-15,587.8086000001058
2016-12-16,4397.035799999954
2016-12-19,-1499.467099999776
2016-12-20,2313.437899999786
2016-12-21,-2381.0118999998085
2016-12-22,-740.6436000000685
2016-12-26,-1594.6632999998983
2016-12-27,-634.8951000000816
2016-12-28,1597.2031000000425
2016-12-29,-9331.32750000013
2016-12-30,-1040.1491000000387
2017-01-04,16373.179800000042
2017-01-05,-2688.6474999999627
2017-01-06,-2906.968899999978
2017-01-10,-5756.770100000082
2017-01-11,4014.221600000048
2017-01-12,-7009.489899999928
2017-01-13,4288.277500000084
2017-01-16,-6532.995099999942
2017-01-17,-8080.320000000065
2017-01-18,3508.0154999999795
2017-01-19,5671.211399999913
2017-01-20,2602.59309999994
2017-01-23,-7086.443299999926
2017-01-24,-4806.636900000041
2017-01-25,8121.770800000057
2017-01-26,11197.717100000009
2017-01-27,1193.3500999999233
2017-01-30,-2994.466800000053
2017-01-31,-11794.83899999992
2017-02-01,3397.594099999871
2017-02-02,-8300.0260999999
2017-02-03,565.6890999998432
2017-02-06,1391.7083000000566
2017-02-07,-1339.1174999999348
2017-02-08,3395.589099999983
2017-02-09,-3582.8223000001162
2017-02-10,15808.93740000017
2017-02-13,4029.1663999997545
2017-02-14,-6132.0808000001125
2017-02-15,6585.445900000166
2017-02-16,-2386.5068999999203
2017-02-17,-3229.939800000051
2017-02-20,284.73479999997653
2017-02-21,4878.836099999957
2017-02-22,784.1735000000335
2017-02-23,-658.0958000000101
2017-02-24,-3845.62910000002
2017-02-27,-5759.274200000102
2017-02-28,1597.2726000000257
2017-03-01,8080.826600000029
2017-03-02,6439.84030000004
2017-03-03,-3356.2693000000436
2017-03-06,-2487.540500000119
2017-03-07,-1133.3256999999285
2017-03-08,-2672.1487000000197
2017-03-09,1959.9853000000585
2017-03-10,8442.449299999978
2017-03-13,808.9643000001088
2017-03-14,-333.8220999999903
2017-03-15,-1787.2730000002775
2017-03-16,713.6379000002053
2017-03-17,-2470.46940000006
2017-03-21,-1634.41100000008
2017-03-22,-14476.45299999998
2017-03-23,1492.9505000000354
2017-03-24,6198.159500000067
2017-03-27,-8714.603700000094
2017-03-28,6968.117900000187
2017-03-29,4786.136400000192
2017-03-30,-5219.439300000202
2017-03-31,-5311.31660000002
2017-04-03,1421.467199999839
2017-04-04,-6019.102500000037
2017-04-05,1038.2672999999486
2017-04-06,-9591.106300000101
2017-04-07,2804.657499999972
2017-04-10,5659.152400000021
2017-04-11,-2205.371100000106
2017-04-12,-6191.778499999782
2017-04-13,-4480.198700000066
2017-04-14,-3471.094100000104
2017-04-17,1477.5397000000812
2017-04-18,1672.5376999999862
2017-04-19,-282.33009999990463
2017-04-20,-233.812900000019
2017-04-21,6216.720200000098
2017-04-24,7132.702200000174
2017-04-25,8465.549999999814
2017-04-26,8231.835200000089
2017-04-27,-682.5504000000656
2017-04-28,-2568.6706000000704
2017-05-01,3548.1303999999072
2017-05-02,4347.937399999937
2017-05-08,14444.639699999942
2017-05-09,-2098.280700000003
2017-05-10,1018.5328999999911
2017-05-11,-26.615100000053644
2017-05-12,-3713.315600000089
2017-05-15,-1477.1099999998696
2017-05-16,1532.7250999999233
2017-05-17,-4445.363300000085
2017-05-18,-8033.691399999894
2017-05-19,2034.2846999999601
2017-05-22,2789.877400000114
2017-05-23,-2621.966100000078
2017-05-24,4914.411300000269
2017-05-25,1735.1672999998555
2017-05-26,-4412.240199999884
2017-05-29,43.913500000024214
2017-05-30,-397.0493000000715
2017-05-31,-1024.5112999998964
2017-06-01,7384.7038000000175
2017-06-02,11997.550999999978
2017-06-05,-1292.2064999998547
2017-06-06,-5773.658800000092
2017-06-07,832.0248000000138
2017-06-08,-1762.9290000000037
2017-06-09,1827.5657999999821
2017-06-12,-1502.556299999822
2017-06-13,237.0995999998413
2017-06-14,-303.2716000000946
2017-06-15,-2678.4610000001267
2017-06-16,2433.603200000245
2017-06-19,3788.969399999827
2017-06-20,5095.007499999832
2017-06-21,-2577.7593999998644
2017-06-22,-1244.962399999844
2017-06-23,940.5164999996778
2017-06-26,-24.585899999830872
2017-06-27,3231.1778000001796
2017-06-28,-1278.694000000134
2017-06-29,3853.369899999816
2017-06-30,-5328.029399999883
2017-07-03,1215.657600000035
2017-07-04,-635.0799000000115
2017-07-05,2374.9888999999966
2017-07-06,-2510.650499999989
2017-07-07,-1905.9750999999233
2017-07-10,5614.993099999847
2017-07-11,3224.7635000001173
2017-07-12,-3240.8848000001162
2017-07-13,-396.7286000000313
2017-07-14,1870.2546999999322
2017-07-18,-3139.308999999892
2017-07-19,-338.7014999999665
2017-07-20,4194.543300000019
2017-07-21,-1717.063300000038
2017-07-24,-4236.705300000031
2017-07-25,-1269.7249999998603
2017-07-26,3230.84179999982
2017-07-27,621.0115999998525
2017-07-28,-4147.269700000063
2017-07-31,52.293500000145286
2017-08-01,404.32730000000447
2017-08-02,2698.0163000000175
2017-08-03,-220.31620000000112
2017-08-04,-3005.0427000001073
2017-08-07,3221.438000000082
2017-08-08,-955.2844000000041
2017-08-09,-7002.327300000237
2017-08-10,735.8461000001989
2017-08-14,-6962.782199999783
2017-08-15,6300.397499999963
2017-08-16,-415.936299999943
2017-08-17,-113.92849999992177
2017-08-18,-7894.364999999991
2017-08-21,-1388.4813999999315
2017-08-22,148.70990000013262
2017-08-23,842.3412999999709
2017-08-24,-3018.9584000001196
2017-08-25,2971.7089000002015
2017-08-28,141.25169999990612
2017-08-29,-2230.3614000000525
2017-08-30,4931.656399999978
2017-08-31,4474.351800000062
2017-09-01,1633.2638999999035
2017-09-04,-5944.997899999842
2017-09-05,-4262.939799999818
2017-09-06,-198.1422999999486
2017-09-07,2016.9305000000168
2017-09-08,-3678.062800000189
2017-09-11,8184.5202000001445
2017-09-12,8085.531100000022
2017-09-13,3144.5456999999005
2017-09-14,-2289.7350999999326
2017-09-15,2416.626099999994
2017-09-19,12302.760200000135
2017-09-20,-383.126600000076
2017-09-21,1020.8733000000939
2017-09-22,-1512.3067000000738
2017-09-25,2875.8645000001416
2017-09-26,-210.32209999999031
2017-09-27,2415.1636999999173
2017-09-28,3050.119899999816
2017-09-29,-319.9786000000313
2017-10-02,-1910.0119000000414
2017-10-03,7014.75540000014
2017-10-04,88.64020000002347
2017-10-05,-309.6028999998234
2017-10-06,2843.314099999843
2017-10-10,2707.4234000002034
2017-10-11,1894.4924999999348
2017-10-12,987.4967000000179
2017-10-13,6179.215599999763
2017-10-16,3519.09719999996
2017-10-17,2438.0777999998536
2017-10-18,-69.94269999978133
2017-10-19,2649.4259999999776
2017-10-20,271.1280999998562
2017-10-23,7815.734700000146
2017-10-24,3822.467100000009
2017-10-25,-1513.5677000000142
2017-10-26,924.5726999999024
2017-10-27,7648.1744000001345
2017-10-30,431.28009999985807
2017-10-31,857.8338000001386
2017-11-01,12584.518199999817
2017-11-02,3251.4023000001907
2017-11-06,-797.6120000001974
2017-11-07,12222.557199999923
2017-11-08,255.9564000000246
2017-11-09,-1271.03050000011
2017-11-10,-6376.5783999999985
2017-11-13,-9051.180099999998
2017-11-14,95.56389999995008
2017-11-15,-12820.757400000002
2017-11-16,9260.329099999974
2017-11-17,1255.4466999999713
2017-11-20,-4247.797999999952
2017-11-21,5436.8941000001505
2017-11-22,3121.689300000202
2017-11-24,-1364.4316000000108
2017-11-27,-2540.9602000000887
2017-11-28,-2475.056399999885
2017-11-29,5073.073099999689
2017-11-30,5572.003299999982
2017-12-01,2227.775200000033
2017-12-04,-3588.93619999988
2017-12-05,97.33259999984875
2017-12-06,-14396.497800000012
2017-12-07,10085.865299999947
2017-12-08,10463.043000000063
2017-12-11,4004.906699999934
2017-12-12,-1157.500599999912
2017-12-13,-4180.962100000121
2017-12-14,-1183.7933999998495
2017-12-15,-3609.972800000105
2017-12-18,11625.705199999968
2017-12-19,-1625.7397999998648
2017-12-20,2402.315799999982
2017-12-21,-119.82450000010431
2017-12-22,2182.2031000000425
2017-12-25,681.7891999999993
2017-12-26,-2037.7830999998841
2017-12-27,3141.8809999998193
2017-12-28,-4148.950399999972
2017-12-29,-655.1598999998532
2018-01-04,23468.783599999733
2018-01-05,7967.179400000023
2018-01-09,4685.876700000139
2018-01-10,-1147.9961000001058
2018-01-11,-1341.842399999965
2018-01-12,-1366.4636999999639
2018-01-15,994.2384999997448
2018-01-16,5022.998999999836
2018-01-17,-2986.0404999998864
2018-01-18,-4545.094199999934
2018-01-19,3259.06660000002
2018-01-22,-605.50270000007
2018-01-23,9171.349200000055
2018-01-24,-5457.362399999984
2018-01-25,-7417.3273000000045
2018-01-26,-2795.692199999932
2018-01-29,320.7282000000123
2018-01-30,-10662.579799999949
2018-01-31,-7061.2656000000425
2018-02-01,11099.579200000037
2018-02-02,-5993.407899999991
2018-02-05,-20184.32020000019
2018-02-06,-34845.72269999981
2018-02-07,642.2659999998286
2018-02-08,6535.73900000006
2018-02-09,-18212.801899999846
2018-02-13,-7094.816300000064
2018-02-14,-2168.81119999988
2018-02-15,8668.633800000185
2018-02-16,8266.432400000049
2018-02-19,14775.850499999942
2018-02-20,-6284.71390000009
2018-02-21,396.2023999998346
2018-02-22,-8302.236800000072
2018-02-23,5931.023999999976
2018-02-26,6870.526199999964
2018-02-27,7264.513000000035
2018-02-28,-10349.559399999911
2018-03-01,-11873.540800000075
2018-03-02,-16788.625100000063
2018-03-05,-5671.935100000119
2018-03-06,10955.094200000167
2018-03-07,-6045.92790000001
2018-03-08,2990.3286999999546
2018-03-09,3273.9905000003055
2018-03-12,12051.117399999872
2018-03-13,4447.47070000018
2018-03-14,-5390.746899999911
2018-03-15,-731.4952000000048
2018-03-16,-3572.5722000000533
2018-03-19,-6621.202399999835
2018-03-20,-1190.1078000001144
2018-03-22,4911.7392000001855
2018-03-23,-29584.005700000096
2018-03-26,3332.3943999998737
2018-03-27,19822.60030000005
2018-03-28,-2248.71539999987
2018-03-29,3021.468200000003
2018-03-30,9357.623399999924
2018-04-02,-2244.563700000057
2018-04-03,-2486.719999999972
2018-04-04,24.856400000164285
2018-04-05,9814.081899999874
2018-04-06,-3286.9935000000987
2018-04-09,3600.0868000001647
2018-04-10,4812.376999999862
2018-04-11,-2914.123800000176
2018-04-12,-3794.0245000000577
2018-04-13,6148.461600000039
2018-04-16,1303.3471999999601
2018-04-17,-80.35960000008345
2018-04-18,9612.836399999913
2018-04-19,2922.8519999999553
2018-04-20,-768.7231999998912
2018-04-23,-692.4699000001419
2018-04-24,6074.816900000209
2018-04-25,-2110.226900000125
2018-04-26,3186.491099999752
2018-04-27,3465.3659999999218
2018-05-01,1356.32060000021
2018-05-02,-517.2568000000902
2018-05-07,292.189500000095
2018-05-08,500.8566999998875
2018-05-09,-2689.7650999999605
2018-05-10,2871.7739000001457
2018-05-11,6584.863499999978
2018-05-14,3294.4916000000667
2018-05-15,-714.408800000092
2018-05-16,-2830.4193000001833
2018-05-17,4407.949400000041
2018-05-18,3149.664300000062
2018-05-21,671.4488999999594
2018-05-22,-935.9581999999937
2018-05-23,-8559.743999999948
2018-05-24,-9023.165000000037
2018-05-25,869.3839000000153
2018-05-28,267.684699999867
2018-05-29,-4408.1990999998525
2018-05-30,-11760.026899999939
2018-05-31,5493.653400000185
2018-06-01,-712.8696000000928
2018-06-04,10548.104900000151
2018-06-05,1092.7116999998689
2018-06-06,2502.7088999999687
2018-06-07,6044.1735000000335
2018-06-08,-3561.6167000001296
2018-06-11,2090.7029000001494
2018-06-12,2540.1200000001118
2018-06-13,2578.064600000158
2018-06-14,-6881.014700000174
2018-06-15,2773.099200000055
2018-06-18,-8224.490000000224
2018-06-19,-13047.408199999947
2018-06-20,5726.073300000047
2018-06-21,1565.2034999998286
2018-06-22,-3912.749799999874
2018-06-25,-5584.08899999992
2018-06-26,2681.0868000001647
2018-06-27,-1206.7592000002041
2018-06-28,156.88390000001527
2018-06-29,589.9494000000414
2018-07-02,-16579.26599999983
2018-07-03,-1787.7917000001762
2018-07-04,-2216.624300000025
2018-07-05,-7146.572799999965
2018-07-06,7350.450899999822
2018-07-09,7340.720100000035
2018-07-10,3471.4526999997906
2018-07-11,-8961.135600000154
2018-07-12,4381.464199999813
2018-07-13,11329.694099999964
2018-07-17,5212.412599999923
2018-07-18,2802.2873000002
2018-07-19,-633.7273000001442
2018-07-20,-3530.6696000001393
2018-07-23,-6682.914099999936
2018-07-24,4500.939299999969
2018-07-25,3805.3637999999337
2018-07-26,2093.124199999962
2018-07-27,3885.6058000000194
2018-07-30,-3620.131500000134
2018-07-31,-923.2362999999896
2018-08-01,5314.665800000075
2018-08-02,-7995.801800000016
2018-08-03,-1145.720300000161
2018-08-06,-3034.4579000000376
2018-08-07,4297.745799999917
2018-08-08,-2004.7378000000026
2018-08-09,-1524.7690000000875
2018-08-10,-7935.34030000004
2018-08-13,-17153.53289999976
2018-08-14,14104.89329999988
2018-08-15,-4968.9502999999095
2018-08-16,-1790.2795000001788
2018-08-17,2537.4908000000287
2018-08-20,-1434.2086000000127
2018-08-21,1268.1492000001017
2018-08-22,5676.086699999869
2018-08-23,397.7763000000268
2018-08-24,3974.8943000000436
2018-08-27,7212.622700000182
2018-08-28,396.433899999829
2018-08-29,2931.7095000001136
2018-08-30,505.6323999997694
2018-08-31,-1600.500199999893
2018-09-03,-6072.730600000126
2018-09-04,-774.2604000000283
2018-09-05,-2830.0408999999054
2018-09-06,-4288.5478000000585
2018-09-07,-5343.966900000116
2018-09-10,1040.6414999999106
2018-09-11,6725.233800000045
2018-09-12,-3853.1811000001617
2018-09-13,7336.795400000177
2018-09-14,8973.86229999992
2018-09-18,13493.532299999846
2018-09-19,8498.103400000138
2018-09-20,898.7787999999709
2018-09-21,7232.221399999922
2018-09-25,4010.1455999999307
2018-09-26,6929.2615999998525
2018-09-27,-8125.24860000005
2018-09-28,7988.944000000134
2018-10-01,1209.9109999998473
2018-10-02,2310.751599999843
2018-10-03,-6154.346199999796
2018-10-04,-2785.914000000106
2018-10-05,-6375.030899999896
2018-10-09,-10854.25680000009
2018-10-10,3024.285099999979
2018-10-11,-27603.48139999993
2018-10-12,1342.5693999999203
2018-10-15,-11901.153599999845
2018-10-16,8608.53929999983
2018-10-17,8808.288600000087
2018-10-18,-6195.615100000054
2018-10-19,-4212.932599999942
2018-10-22,2860.786300000036
2018-10-23,-20039.947899999795
2018-10-24,623.8533999999054
2018-10-25,-25314.15060000005
2018-10-26,-1504.6115999999456
2018-10-29,1179.9273999999277
2018-10-30,8640.321699999971
2018-10-31,13049.304099999834
2018-11-01,-2414.2417999999598
2018-11-02,15691.456400000025
2018-11-05,-9717.758300000103
2018-11-06,8095.429199999897
2018-11-07,-2190.288900000043
2018-11-08,11690.40699999989
2018-11-09,-4541.881400000071
2018-11-12,-38.75769999995828
2018-11-13,-16484.86320000002
2018-11-14,960.5167000000365
2018-11-15,-645.8204999999143
2018-11-16,-3369.3327999999747
2018-11-19,1999.6962999999523
2018-11-20,-4190.656899999827
2018-11-21,-3853.596700000111
2018-11-22,3915.3189999999013
2018-11-26,4615.7993000000715
2018-11-27,3845.4310000000987
2018-11-28,5809.352399999974
2018-11-29,2074.5419999998994
2018-11-30,2701.5452000000514
2018-12-03,7782.354999999981
2018-12-04,-18287.437399999937
2018-12-05,-4176.26370000001
2018-12-06,-11681.250900000101
2018-12-07,5160.4529999999795
2018-12-10,-13863.851499999873
2018-12-11,-5705.57209999999
2018-12-12,14399.108800000045
2018-12-13,6833.885000000242
2018-12-14,-12276.245700000087
2018-12-17,3688.1961999998894
2018-12-18,-11234.37819999992
2018-12-19,-3372.2420000000857
2018-12-20,-18365.82399999979
2018-12-21,-9276.152000000002
2018-12-25,-30250.71439999994
2018-12-26,5721.137499999953
2018-12-27,25431.6771999998
2018-12-28,-1068.0381000000052
2019-01-04,-12931.152799999807
2019-01-07,17054.801800000016
2019-01-08,3135.3285999998916
2019-01-09,6913.441700000083
2019-01-10,-5555.766100000124
2019-01-11,5533.9888000001665
2019-01-15,5041.484899999807
2019-01-16,-4333.187100000214
2019-01-17,63.25510000018403
2019-01-18,8444.137500000186
2019-01-21,3056.8268999999855
2019-01-22,-3595.8032000001986
2019-01-23,-2598.1129999998957
2019-01-24,854.8577999998815
2019-01-25,6707.220299999928
2019-01-28,-4513.989599999972
2019-01-29,94.4035000000149
2019-01-30,-3488.187799999956
2019-01-31,5469.15839999984
2019-02-01,-1637.3347000000067
2019-02-04,4430.221200000029
2019-02-05,738.9413999998942
2019-02-06,1396.6784999999218
2019-02-07,-8827.800799999852
2019-02-08,-15172.117000000086
2019-02-12,15994.535000000149
2019-02-13,6796.336700000102
2019-02-14,-168.4147000000812
2019-02-15,-5895.45439999993
2019-02-18,13130.386700000148
2019-02-19,2015.8485999996774
2019-02-20,3303.2723000000697
2019-02-21,1750.1157000001986
2019-02-22,-2187.996500000125
2019-02-25,3239.5152999998536
2019-02-26,-1942.8974000001326
2019-02-27,3235.973800000036
2019-02-28,-6063.603000000119
2019-03-01,5670.702400000067
2019-03-04,5723.345299999928
2019-03-05,-3640.815300000133
2019-03-06,-3318.2568999999203
2019-03-07,-5582.938199999742
2019-03-08,-14443.975500000175
2019-03-11,4192.232199999969
2019-03-12,11423.15879999986
2019-03-13,-6339.349799999967
2019-03-14,-558.0686999999452
2019-03-15,4973.411199999973
2019-03-18,4882.6695999999065
2019-03-19,-308.5329999998212
2019-03-20,2277.2401000000536
2019-03-22,716.4425999999512
2019-03-25,-19528.185999999987
2019-03-26,16966.796200000215
2019-03-27,2908.1740000001155
2019-03-28,-11373.185200000182
2019-03-29,4619.788500000257
2019-04-01,10900.727999999886
2019-04-02,-253.93510000011884
2019-04-03,7514.089500000002
2019-04-04,-1108.8615999999456
2019-04-05,3400.338800000027
2019-04-08,-2717.186599999899
2019-04-09,321.70079999999143
2019-04-10,-4540.531000000192
2019-04-11,-34.037800000049174
2019-04-12,2323.6393999999855
2019-04-15,9692.383000000147
2019-04-16,-562.7935999999754
2019-04-17,3014.414800000377
2019-04-18,-5535.910100000212
2019-04-19,2977.100800000131
2019-04-22,200.685099999886
2019-04-23,1182.9742000000551
2019-04-24,-3909.844500000123
2019-04-25,4191.144899999956
2019-04-26,-2994.097500000149
2019-05-07,-13344.755200000014
2019-05-08,-11564.698900000192
2019-05-09,-9147.715599999996
2019-05-10,669.4517999999225
2019-05-13,-3858.275299999863
2019-05-14,-3383.4913999999408
2019-05-15,3584.124199999962
2019-05-16,-3884.8580000000075
2019-05-17,5522.422099999851
2019-05-20,1510.2343000001274
2019-05-21,-1921.9231999998447
2019-05-22,-1156.2798000001349
2019-05-23,-2893.5674999998882
2019-05-24,-915.6060999999754
2019-05-27,1499.3504000001121
2019-05-28,1107.1287000000011
2019-05-29,-7455.0168000000995
2019-05-30,-599.8239999997895
2019-05-31,-10736.235300000291
2019-06-03,-4889.260499999858
2019-06-04,2230.0493999999017
2019-06-05,11524.614800000098
2019-06-06,-1808.6014999998733
2019-06-07,3857.7050999999046
2019-06-10,7837.557199999923
2019-06-11,2435.6133999999147
2019-06-12,-1633.9235000000335
2019-06-13,-4167.278899999801
2019-06-14,2330.3529999998864
2019-06-17,-1749.8125
2019-06-18,-4895.177099999972
2019-06-19,11309.761799999978
2019-06-20,3035.189000000013
2019-06-21,-5727.629500000039
2019-06-24,330.999599999981
2019-06-25,-2058.711699999869
2019-06-26,-2468.3358000000007
2019-06-27,8135.853699999861
2019-06-28,-2326.251999999862
2019-07-01,15108.727399999974
2019-07-02,1788.591299999971
2019-07-03,-4281.448399999877
2019-07-04,1889.7368000000715
2019-07-05,1240.7404000000097
2019-07-08,-6471.563400000101
2019-07-09,-1017.374300000025
2019-07-10,-1383.1129000000656
2019-07-11,3479.960699999938
2019-07-12,1041.53059999994
2019-07-16,-4122.30709999986
2019-07-17,-584.9242000000086
2019-07-18,-14182.721000000136
2019-07-19,13473.569099999964
2019-07-22,-2608.8834999999963
2019-07-23,5793.1081999999005
2019-07-24,2389.936900000088
2019-07-25,596.0053000000771
2019-07-26,-3348.661199999973
2019-07-29,-2485.652400000021
2019-07-30,3536.031599999871
2019-07-31,-6172.92389999982
2019-08-01,-1842.2068000002764
2019-08-02,-15722.134199999971
2019-08-05,-11893.803699999815
2019-08-06,-2359.7637000000104
2019-08-07,-2151.0554000001866
2019-08-08,2343.279900000198
2019-08-09,1681.1121000000276
2019-08-13,-7791.148500000127
2019-08-14,6342.167499999981
2019-08-15,-7651.30290000001
2019-08-16,1354.442300000228
2019-08-19,3664.909500000067
2019-08-20,4515.74589999998
2019-08-21,-2826.2057000000495
2019-08-22,706.7128999999259
2019-08-23,2821.873199999798
2019-08-26,-13581.94479999994
2019-08-27,5483.471600000048
2019-08-28,471.0708999999333
2019-08-29,545.3868000002112
2019-08-30,7775.731900000013
2019-09-02,-2968.2270999997854
2019-09-03,1472.463499999838
2019-09-04,-408.83709999988787
2019-09-05,13941.403299999889
2019-09-06,3428.6045999999624
2019-09-09,4655.943699999945
2019-09-10,4090.8897000001743
2019-09-11,9669.475000000093
2019-09-12,6230.037000000011
2019-09-13,6738.143600000069
2019-09-17,857.9920999999158
2019-09-18,-1854.9728999999352
2019-09-19,3230.276199999964
2019-09-20,247.8216000001412
2019-09-24,1621.691300000064
2019-09-25,-1381.8541000001132
2019-09-26,1980.1736000000965
2019-09-27,-1018.0200000002515
2019-09-30,-5690.766299999785
2019-10-01,4759.690400000196
2019-10-02,-2893.155800000066
2019-10-03,-14780.29879999999
2019-10-04,2247.8940000000875
2019-10-07,-1300.7763000000268
2019-10-08,6090.584599999944
2019-10-09,-3552.816900000209
2019-10-10,2424.6143000000156
2019-10-11,8519.734799999977
2019-10-15,12988.835499999812
2019-10-16,7987.769499999937
2019-10-17,-2430.1450000000186
2019-10-18,1887.4875000000466
2019-10-21,1856.1413999998476
2019-10-23,4968.7381000001915
2019-10-24,5068.074699999997
2019-10-25,1607.6284999998752
2019-10-28,1868.6887999998871
2019-10-29,3794.4809000000823
2019-10-30,-4041.2978999998886
2019-10-31,-27.75250000017695
2019-11-01,-2359.1404999999795
2019-11-05,12451.648900000146
2019-11-06,2235.407300000079
2019-11-07,360.0400999998674
2019-11-08,977.7118999999948
2019-11-11,-1483.8634999999776
2019-11-12,4537.5476999999955
2019-11-13,-6284.105500000063
2019-11-14,-6617.2058000001125
2019-11-15,5390.264999999898
2019-11-18,1368.0294000001159
2019-11-19,-3865.6687000000384
2019-11-20,-4231.735899999971
2019-11-21,-3437.3993000001647
2019-11-22,1753.3848000001162
2019-11-25,6652.3319000001065
2019-11-26,1883.0811999998987
2019-11-27,2560.471900000004
2019-11-28,-1631.2878999998793
2019-11-29,-4162.4582000002265
2019-12-02,7964.603400000138
2019-12-03,-5685.50139999995
2019-12-04,-6784.778899999801
2019-12-05,5739.947600000072
2019-12-06,1746.533400000073
2019-12-09,4020.5041999998502
2019-12-10,-2366.3911000001244
2019-12-11,-1026.3582999999635
2019-12-12,855.2582000000402
2019-12-13,18447.0811999999
2019-12-16,-3195.74739999976
2019-12-17,2165.6021999998484
2019-12-18,-4548.748799999943
2019-12-19,-3441.3297000001185
2019-12-20,-869.2251999997534
2019-12-23,-1906.7963000000454
2019-12-24,-56.36920000007376
2019-12-25,-2803.7683999999426
2019-12-26,4986.200900000054
2019-12-27,-367.36029999982566
2019-12-30,-6256.246199999936
2020-01-06,-13869.693799999775
2020-01-07,11337.081099999836
